flow_id,sector,traffic_class,mean_packet_length,packet_length_std,packets_per_second,bytes_per_second,mean_interarrival_ms,interarrival_std_ms,upload_download_ratio,flow_duration_seconds,packet_count,burst_count,unique_spi_count,nat_t_detected,metadata_exposure_score,anomaly_label,risk_label
flow-synth-00001,Government,bulk_transfer_like,1382.35,77.23,205.91,284636.73,7.33,1.96,0.07,65.58,13503,6,2,0,65,0,Moderate
flow-synth-00002,Healthcare,web_like,651.16,186.76,19.8,12892.02,35.14,12.46,0.01,79.01,1564,2,2,1,56,0,Low
flow-synth-00003,Healthcare,video_like_udp,1229.36,102.86,54.92,67516.07,12.78,2.53,0.11,111.19,6106,10,2,1,76,0,Moderate
flow-synth-00004,Government,icmp_like,85.58,2.12,0.9,76.76,994.0,2.76,1.0,47.97,43,0,2,0,11,0,Low
flow-synth-00005,Healthcare,web_like,743.75,209.46,15.54,11556.63,51.87,10.67,0.43,20.81,323,3,2,1,33,0,Low
flow-synth-00006,Healthcare,web_like,564.05,245.27,15.93,8983.81,23.0,22.64,0.32,66.87,1065,3,4,0,54,0,Low
flow-synth-00007,Defence,icmp_like,76.95,2.32,0.92,71.02,993.23,2.49,1.0,72.73,67,0,2,0,20,0,Low
flow-synth-00008,Defence,bulk_transfer_like,1319.2,89.52,232.15,306247.03,5.75,2.46,0.05,57.76,13408,10,2,0,59,0,Moderate
flow-synth-00009,Defence,web_like,629.38,264.25,23.42,14742.5,54.04,20.17,0.3,89.91,2106,2,2,0,34,0,Low
flow-synth-00010,Defence,icmp_like,85.35,5.37,0.82,69.64,996.01,1.95,1.0,63.01,51,0,2,1,22,0,Low
flow-synth-00011,Government,web_like,527.52,315.34,15.8,8334.49,32.62,20.54,0.53,105.74,1670,2,4,1,33,0,Low
flow-synth-00012,Defence,web_like,554.93,234.32,29.64,16448.13,46.33,9.2,0.53,30.35,899,2,2,1,35,0,Low
flow-synth-00013,Healthcare,web_like,514.83,248.51,22.32,11492.2,32.71,15.84,0.51,54.88,1225,2,2,1,54,0,Low
flow-synth-00014,Government,web_like,391.57,169.24,25.02,9795.48,27.01,29.67,0.38,46.68,1167,3,2,1,41,0,Low
flow-synth-00015,Defence,web_like,483.48,222.05,12.33,5962.25,34.05,17.12,0.27,43.55,537,4,2,0,31,0,Low
flow-synth-00016,Defence,video_like_udp,1242.08,106.44,63.36,78693.72,16.29,1.76,0.11,66.76,4229,8,2,0,83,1,High
flow-synth-00017,Defence,bulk_transfer_like,1448.86,119.3,102.4,148367.97,4.58,2.2,0.04,46.64,4775,9,2,0,59,0,Moderate
flow-synth-00018,Healthcare,icmp_like,89.62,3.39,0.82,73.84,1000.77,1.61,1.0,78.46,64,0,2,1,15,0,Low
flow-synth-00019,Healthcare,idle_keepalive,131.85,8.86,0.1,50.0,29863.54,12.66,1.0,72.11,10,0,2,1,34,0,Low
flow-synth-00020,Healthcare,bulk_transfer_like,1312.2,89.47,143.22,187936.74,7.36,1.63,0.07,76.27,10923,10,2,0,64,0,Moderate
flow-synth-00021,Defence,bulk_transfer_like,1304.61,84.55,232.29,303042.52,3.57,2.21,0.09,75.64,17569,4,2,1,63,0,Moderate
flow-synth-00022,Government,icmp_like,89.2,1.13,1.12,100.22,1012.17,2.18,1.0,76.95,86,0,2,0,12,0,Low
flow-synth-00023,Defence,video_like_udp,1308.34,90.89,62.57,81863.25,11.73,1.88,0.12,59.9,3748,11,2,0,65,0,Moderate
flow-synth-00024,Healthcare,web_like,497.83,191.5,15.1,7517.31,52.41,23.75,0.46,22.27,336,4,2,0,48,0,Low
flow-synth-00025,Defence,bulk_transfer_like,1300.66,94.41,192.64,250554.3,5.57,2.65,0.08,86.01,16567,6,4,0,56,0,Moderate
flow-synth-00026,Government,web_like,392.21,244.0,27.15,10650.42,41.94,8.58,0.62,67.94,1844,5,2,1,46,0,Low
flow-synth-00027,Healthcare,bulk_transfer_like,1359.48,83.81,204.28,277713.0,5.08,2.46,0.02,41.01,8377,10,4,0,57,0,Moderate
flow-synth-00028,Government,web_like,474.34,205.55,10.01,4746.94,25.9,8.27,0.23,87.79,878,4,4,0,56,0,Low
flow-synth-00029,Government,video_like_udp,1228.73,65.42,68.5,84164.89,19.16,1.47,0.05,36.33,2488,9,2,1,77,0,Moderate
flow-synth-00030,Healthcare,web_like,594.45,203.39,18.5,10998.86,42.82,15.54,0.68,46.48,860,4,4,1,54,0,Low
flow-synth-00031,Defence,web_like,556.48,215.64,26.84,14933.39,19.44,23.8,0.32,59.05,1584,5,4,1,41,0,Low
flow-synth-00032,Healthcare,web_like,597.06,194.34,27.5,16421.55,61.97,13.56,0.38,50.28,1382,4,2,1,57,0,Low
flow-synth-00033,Healthcare,video_like_udp,1237.12,116.0,81.81,101212.6,14.25,1.03,0.11,65.42,5352,13,2,1,80,0,Moderate
flow-synth-00034,Defence,icmp_like,92.98,1.21,1.38,128.75,988.16,2.18,1.0,73.98,102,0,4,0,23,0,Low
flow-synth-00035,Healthcare,bulk_transfer_like,1387.0,70.38,96.25,133495.86,5.0,2.18,0.08,75.12,7230,11,2,1,59,0,Moderate
flow-synth-00036,Healthcare,video_like_udp,1328.63,133.61,67.44,89603.82,17.45,2.1,0.16,102.66,6923,10,2,1,65,0,Moderate
flow-synth-00037,Healthcare,web_like,325.27,203.93,28.71,9337.39,45.37,14.26,0.37,50.14,1439,3,2,0,39,0,Low
flow-synth-00038,Government,icmp_like,81.51,1.64,1.19,97.03,1014.53,2.29,1.0,71.63,85,0,2,1,13,0,Low
flow-synth-00039,Government,icmp_like,86.21,1.29,0.64,55.39,987.79,1.46,1.0,83.24,53,0,2,0,14,0,Low
flow-synth-00040,Defence,video_like_udp,1318.22,67.22,55.37,72995.13,17.18,2.12,0.03,29.1,1611,11,2,0,80,0,Moderate
flow-synth-00041,Healthcare,web_like,447.3,225.68,23.0,10289.58,39.6,30.15,0.27,59.71,1373,2,2,0,32,0,Low
flow-synth-00042,Government,video_like_udp,1336.18,148.58,60.57,80937.74,16.1,1.96,0.19,61.8,3743,18,2,0,82,1,High
flow-synth-00043,Healthcare,bulk_transfer_like,1363.72,74.83,227.34,310027.79,4.89,1.29,0.03,61.58,13999,11,2,0,70,0,Moderate
flow-synth-00044,Healthcare,bulk_transfer_like,1373.04,76.26,110.27,151403.71,6.78,2.0,0.14,77.15,8507,7,4,0,61,0,Moderate
flow-synth-00045,Healthcare,idle_keepalive,117.6,7.96,0.1,50.0,29996.3,9.13,1.0,85.42,10,0,2,1,34,0,Low
flow-synth-00046,Healthcare,icmp_like,87.08,2.49,1.02,88.63,985.54,1.32,1.0,64.48,65,0,2,0,10,0,Low
flow-synth-00047,Defence,video_like_udp,1280.63,97.44,56.27,72060.9,15.65,2.05,0.18,79.19,4455,8,2,0,85,1,High
flow-synth-00048,Defence,web_like,441.3,271.03,26.94,11886.64,44.51,12.75,0.36,69.25,1865,2,2,1,37,0,Low
flow-synth-00049,Healthcare,bulk_transfer_like,1313.16,52.95,157.66,207037.26,4.54,1.3,0.07,26.8,4225,10,2,0,71,0,Moderate
flow-synth-00050,Healthcare,web_like,469.01,145.98,11.88,5573.49,50.16,17.26,0.5,62.84,746,2,2,0,44,0,Low
flow-synth-00051,Government,web_like,654.09,197.61,14.64,9576.8,40.7,27.16,0.31,88.72,1299,4,2,0,56,0,Low
flow-synth-00052,Defence,bulk_transfer_like,1328.76,82.2,193.7,257379.19,7.79,2.29,0.09,78.48,15202,10,4,0,59,0,Moderate
flow-synth-00053,Healthcare,bulk_transfer_like,1396.58,52.99,154.51,215786.16,4.71,1.63,0.05,46.58,7197,4,4,0,71,0,Moderate
flow-synth-00054,Defence,video_like_udp,1106.09,88.29,58.82,65061.27,17.39,1.52,0.22,71.87,4227,14,2,0,79,0,Moderate
flow-synth-00055,Defence,web_like,673.41,218.12,24.4,16428.89,61.33,25.64,0.27,62.33,1520,3,2,0,49,0,Low
flow-synth-00056,Healthcare,icmp_like,75.88,3.96,0.95,71.89,1005.35,3.52,1.0,64.55,61,0,2,1,13,0,Low
flow-synth-00057,Healthcare,bulk_transfer_like,1414.55,77.12,185.12,261863.27,4.92,1.41,0.06,69.7,12903,6,2,0,70,0,Moderate
flow-synth-00058,Defence,icmp_like,75.75,4.34,0.78,59.06,1016.12,1.35,1.0,49.72,38,0,2,0,13,0,Low
flow-synth-00059,Healthcare,web_like,423.49,207.49,31.64,13399.6,30.17,21.02,0.32,44.14,1396,2,4,0,51,0,Low
flow-synth-00060,Defence,icmp_like,78.26,1.81,1.01,79.16,977.17,1.92,1.0,60.84,61,0,4,0,24,0,Low
flow-synth-00061,Government,video_like_udp,1245.01,100.35,62.88,78282.38,15.16,2.11,0.15,75.99,4778,11,4,1,79,0,Moderate
flow-synth-00062,Healthcare,web_like,547.59,240.75,17.76,9723.71,63.37,19.51,0.46,44.31,786,4,2,0,43,0,Low
flow-synth-00063,Government,idle_keepalive,114.63,9.8,0.1,50.0,29954.65,7.69,1.0,71.52,10,0,2,0,21,0,Low
flow-synth-00064,Government,bulk_transfer_like,1312.24,66.91,149.07,195617.4,5.08,2.23,0.11,59.84,8920,7,4,0,64,0,Moderate
flow-synth-00065,Government,web_like,702.79,213.09,17.11,12024.61,60.28,21.23,0.24,56.19,961,2,4,0,34,0,Low
flow-synth-00066,Defence,idle_keepalive,140.94,5.38,0.1,50.0,30188.26,10.08,1.0,62.55,10,0,2,0,15,0,Low
flow-synth-00067,Healthcare,bulk_transfer_like,1350.72,34.44,211.9,286216.55,5.67,3.18,0.08,100.87,21373,9,4,0,56,0,Moderate
flow-synth-00068,Government,web_like,718.16,247.32,17.91,12859.41,35.23,11.99,0.44,5.18,92,2,2,1,41,0,Low
flow-synth-00069,Government,video_like_udp,1292.99,72.39,70.39,91008.02,12.28,1.77,0.07,57.03,4014,18,2,0,67,0,Moderate
flow-synth-00070,Defence,web_like,495.18,185.92,30.08,14895.99,55.28,22.63,0.29,108.68,3269,4,2,0,32,0,Low
flow-synth-00071,Government,idle_keepalive,128.66,7.59,0.11,50.0,29879.2,10.26,1.0,56.89,10,0,2,0,22,0,Low
flow-synth-00072,Healthcare,bulk_transfer_like,1383.94,93.93,200.64,277679.88,6.07,1.76,0.06,76.4,15330,9,2,0,58,0,Moderate
flow-synth-00073,Healthcare,web_like,352.2,189.97,39.26,13826.0,48.63,19.77,0.51,104.17,4089,4,2,1,44,0,Low
flow-synth-00074,Healthcare,bulk_transfer_like,1276.26,99.94,207.47,264789.64,2.69,0.73,0.12,78.32,16250,6,2,0,61,0,Moderate
flow-synth-00075,Healthcare,bulk_transfer_like,1409.07,114.12,178.71,251809.72,6.49,2.71,0.07,67.76,12108,7,2,0,56,0,Moderate
flow-synth-00076,Healthcare,web_like,592.69,223.35,32.3,19144.0,35.88,16.38,0.25,51.45,1661,2,2,0,37,0,Low
flow-synth-00077,Government,web_like,479.21,248.55,31.79,15233.31,58.63,24.05,0.16,65.62,2085,2,2,0,49,0,Low
flow-synth-00078,Government,icmp_like,76.89,3.5,1.13,86.95,999.44,2.22,1.0,37.49,42,0,2,0,27,0,Low
flow-synth-00079,Healthcare,bulk_transfer_like,1350.87,80.94,251.29,339455.94,6.21,2.23,0.09,97.64,24535,5,2,0,71,0,Moderate
flow-synth-00080,Healthcare,bulk_transfer_like,1420.54,111.86,159.55,226649.73,4.31,2.02,0.08,81.88,13064,11,2,0,69,0,Moderate
flow-synth-00081,Government,idle_keepalive,111.18,7.73,0.13,50.0,29883.44,12.56,1.0,13.59,10,0,2,0,25,0,Low
flow-synth-00082,Defence,web_like,532.8,242.3,30.72,16369.79,41.54,15.34,0.41,69.43,2133,4,2,1,48,0,Low
flow-synth-00083,Healthcare,idle_keepalive,97.05,10.08,0.1,50.0,29818.62,7.84,1.0,39.66,10,0,2,1,32,0,Low
flow-synth-00084,Defence,video_like_udp,1305.83,75.02,62.35,81424.78,15.6,1.88,0.09,62.99,3927,14,2,0,83,1,High
flow-synth-00085,Government,web_like,561.79,204.23,19.41,10904.73,35.44,17.8,0.32,87.77,1703,5,2,0,48,0,Low
flow-synth-00086,Government,web_like,247.47,126.86,14.07,3483.13,27.87,19.22,0.44,54.9,772,4,2,0,32,0,Low
flow-synth-00087,Defence,bulk_transfer_like,1296.66,64.44,135.58,175797.5,7.6,2.66,0.12,74.43,10091,4,4,0,57,0,Moderate
flow-synth-00088,Government,idle_keepalive,103.06,6.95,0.11,50.0,29755.57,12.14,1.0,85.0,10,0,2,1,16,0,Low
flow-synth-00089,Defence,icmp_like,85.68,1.72,0.79,67.56,993.97,1.79,1.0,26.6,20,0,2,0,19,0,Low
flow-synth-00090,Government,icmp_like,91.06,0.76,0.84,76.19,1013.16,0.6,1.0,50.49,42,0,2,0,21,0,Low
flow-synth-00091,Healthcare,video_like_udp,1330.78,79.32,76.52,101826.98,14.87,2.04,0.13,40.48,3097,18,4,1,78,0,Moderate
flow-synth-00092,Government,web_like,393.23,205.14,42.23,16605.18,8.59,23.22,0.56,72.35,3055,2,2,1,36,0,Low
flow-synth-00093,Defence,web_like,407.98,168.22,22.22,9065.69,45.57,21.74,0.54,70.79,1573,5,2,0,50,0,Low
flow-synth-00094,Defence,web_like,539.09,264.37,22.81,12296.96,33.85,28.87,0.4,51.52,1175,2,2,0,39,0,Low
flow-synth-00095,Government,video_like_udp,1247.69,117.78,54.83,68416.48,17.02,1.13,0.23,55.69,3053,8,2,1,85,1,High
flow-synth-00096,Healthcare,web_like,582.2,115.21,21.22,12351.84,44.38,9.39,0.49,41.54,881,2,4,1,40,0,Low
flow-synth-00097,Government,video_like_udp,1212.42,70.6,74.54,90369.13,13.7,3.12,0.14,63.7,4747,12,2,0,65,0,Moderate
flow-synth-00098,Government,video_like_udp,1294.89,52.01,66.84,86544.59,15.04,1.99,0.08,34.64,2315,9,2,1,85,1,High
flow-synth-00099,Defence,idle_keepalive,100.06,11.31,0.1,50.0,29811.06,16.91,1.0,69.99,10,0,2,0,17,0,Low
flow-synth-00100,Healthcare,web_like,598.59,166.49,31.44,18817.05,20.85,24.86,0.2,55.48,1743,3,2,0,45,0,Low
flow-synth-00101,Defence,video_like_udp,1299.01,110.26,69.6,90408.37,17.76,2.22,0.14,29.47,2050,16,2,0,82,1,High
flow-synth-00102,Defence,video_like_udp,1277.1,115.46,65.34,83444.08,16.49,1.69,0.17,58.39,3815,14,2,0,67,0,Moderate
flow-synth-00103,Government,video_like_udp,1326.91,82.1,64.96,86197.95,14.68,1.58,0.11,39.15,2543,9,2,0,67,0,Moderate
flow-synth-00104,Defence,bulk_transfer_like,1417.51,74.78,185.4,262804.88,6.0,0.94,0.06,80.87,14993,5,2,0,55,0,Moderate
flow-synth-00105,Defence,video_like_udp,1293.35,117.24,64.82,83838.78,17.73,1.54,0.18,78.4,5081,12,2,1,76,0,Moderate
flow-synth-00106,Healthcare,bulk_transfer_like,1374.12,46.36,109.66,150680.97,4.45,2.58,0.07,43.9,4814,9,2,0,72,0,Moderate
flow-synth-00107,Defence,web_like,429.54,179.29,23.72,10189.88,44.81,27.3,0.25,56.69,1344,5,2,1,56,0,Low
flow-synth-00108,Defence,idle_keepalive,107.62,12.62,0.1,50.0,30233.42,14.86,1.0,51.68,10,0,2,0,27,0,Low
flow-synth-00109,Defence,bulk_transfer_like,1355.32,90.31,227.77,308697.04,5.62,1.2,0.1,109.08,24844,6,2,0,64,0,Moderate
flow-synth-00110,Healthcare,bulk_transfer_like,1277.61,143.35,269.43,344223.5,4.7,0.75,0.05,58.62,15793,6,2,0,63,0,Moderate
flow-synth-00111,Government,video_like_udp,1270.62,98.13,66.3,84237.67,13.67,1.37,0.12,47.38,3141,12,2,0,80,0,Moderate
flow-synth-00112,Government,video_like_udp,1254.12,100.59,63.84,80057.68,17.98,3.06,0.1,86.48,5520,17,2,0,67,0,Moderate
flow-synth-00113,Healthcare,icmp_like,79.47,0.36,1.09,86.82,1002.4,2.24,1.0,47.24,51,0,2,1,17,0,Low
flow-synth-00114,Government,icmp_like,82.1,1.54,0.81,66.5,1003.18,1.5,1.0,80.8,65,0,2,1,16,0,Low
flow-synth-00115,Defence,icmp_like,83.62,2.23,0.97,81.07,991.89,2.69,1.0,76.36,74,0,2,0,11,0,Low
flow-synth-00116,Healthcare,bulk_transfer_like,1292.98,80.49,183.6,237388.37,6.4,1.29,0.12,64.27,11800,9,2,0,73,0,Moderate
flow-synth-00117,Defence,icmp_like,85.0,3.58,0.98,83.38,1002.79,2.49,1.0,63.73,62,0,2,1,13,0,Low
flow-synth-00118,Defence,bulk_transfer_like,1383.34,67.51,210.08,290606.42,6.67,1.68,0.08,67.34,14146,11,2,0,72,0,Moderate
flow-synth-00119,Defence,web_like,482.16,204.76,7.72,3721.36,50.79,24.48,0.14,51.87,400,2,2,0,33,0,Low
flow-synth-00120,Healthcare,icmp_like,78.21,0.2,1.09,85.09,994.98,1.18,1.0,74.17,80,0,2,1,11,0,Low
flow-synth-00121,Healthcare,bulk_transfer_like,1327.45,94.62,197.23,261816.84,5.79,1.89,0.13,83.27,16423,6,2,1,55,0,Moderate
flow-synth-00122,Healthcare,web_like,437.77,178.79,29.12,12748.63,46.83,22.14,0.23,111.28,3240,4,2,0,37,0,Low
flow-synth-00123,Government,video_like_udp,1259.05,82.96,80.27,101058.21,10.64,2.06,0.11,56.77,4556,17,2,0,67,0,Moderate
flow-synth-00124,Government,video_like_udp,1212.94,59.35,70.06,84980.32,12.63,1.96,0.14,40.09,2808,12,2,0,85,1,High
flow-synth-00125,Defence,web_like,380.12,288.61,39.7,15091.87,37.38,19.97,0.39,75.72,3006,3,2,0,40,0,Low
flow-synth-00126,Healthcare,icmp_like,85.7,1.03,0.99,84.88,999.96,1.07,1.0,83.67,82,0,2,1,29,0,Low
flow-synth-00127,Defence,bulk_transfer_like,1330.27,100.46,183.66,244321.62,3.84,1.44,0.11,71.05,13049,5,4,0,66,0,Moderate
flow-synth-00128,Healthcare,web_like,570.31,178.06,38.5,21954.42,46.3,20.36,0.5,80.99,3117,3,2,0,49,0,Low
flow-synth-00129,Government,video_like_udp,1253.24,127.93,65.98,82683.64,19.75,1.46,0.19,63.96,4219,18,2,1,82,1,High
flow-synth-00130,Government,bulk_transfer_like,1313.58,69.41,204.75,268951.98,6.86,3.88,0.08,60.76,12440,5,2,0,73,0,Moderate
flow-synth-00131,Defence,bulk_transfer_like,1365.4,92.27,139.09,189911.36,5.19,1.1,0.09,72.94,10145,8,2,0,74,0,Moderate
flow-synth-00132,Healthcare,bulk_transfer_like,1422.3,95.15,181.14,257640.91,7.4,2.67,0.17,58.34,10568,4,4,1,58,0,Moderate
flow-synth-00133,Government,icmp_like,82.51,3.51,1.33,109.58,1006.0,2.91,1.0,76.01,100,0,4,0,28,0,Low
flow-synth-00134,Government,web_like,559.72,231.31,13.97,7819.03,58.52,22.66,0.46,46.29,646,5,2,1,59,0,Low
flow-synth-00135,Government,bulk_transfer_like,1335.24,66.57,178.98,238977.7,6.91,2.43,0.07,15.31,2740,10,2,0,68,0,Moderate
flow-synth-00136,Defence,web_like,565.87,163.78,26.55,15026.04,46.49,17.48,0.52,35.08,931,4,2,0,30,0,Low
flow-synth-00137,Healthcare,icmp_like,82.13,2.35,0.99,81.36,1004.77,2.06,1.0,34.34,34,0,2,0,19,0,Low
flow-synth-00138,Defence,web_like,442.43,226.97,41.52,18368.82,26.88,10.22,0.17,70.08,2909,4,2,1,34,0,Low
flow-synth-00139,Defence,web_like,303.07,238.29,31.76,9626.33,55.14,17.03,0.64,106.16,3371,5,4,0,47,0,Low
flow-synth-00140,Defence,bulk_transfer_like,1304.32,92.58,187.64,244739.29,4.43,1.57,0.13,61.36,11512,5,2,0,65,0,Moderate
flow-synth-00141,Defence,video_like_udp,1300.01,98.7,47.26,61434.4,16.46,0.76,0.09,70.11,3313,12,2,1,65,0,Moderate
flow-synth-00142,Government,icmp_like,81.12,2.48,1.16,94.18,987.81,1.96,1.0,63.93,74,0,2,0,27,0,Low
flow-synth-00143,Defence,video_like_udp,1313.42,82.08,67.73,88963.37,16.61,1.9,0.11,72.36,4901,11,2,0,65,0,Moderate
flow-synth-00144,Defence,web_like,555.51,230.24,31.92,17733.58,19.79,23.66,0.45,37.77,1205,4,4,0,38,0,Low
flow-synth-00145,Healthcare,icmp_like,82.66,2.21,0.88,72.67,996.73,2.98,1.0,73.88,64,0,4,1,13,0,Low
flow-synth-00146,Defence,web_like,655.16,232.8,29.77,19505.28,49.62,25.74,0.36,56.54,1683,5,2,1,59,0,Low
flow-synth-00147,Defence,bulk_transfer_like,1360.7,58.07,122.4,166547.04,7.41,1.59,0.05,16.93,2072,4,2,0,71,0,Moderate
flow-synth-00148,Government,bulk_transfer_like,1346.36,79.31,132.46,178340.03,5.87,2.86,0.1,72.45,9596,4,4,0,57,0,Moderate
flow-synth-00149,Defence,web_like,546.42,213.58,14.55,7949.84,40.2,8.19,0.55,16.29,236,3,2,0,47,0,Low
flow-synth-00150,Defence,bulk_transfer_like,1368.07,116.42,169.18,231445.25,7.01,2.18,0.09,58.06,9822,6,4,0,69,0,Moderate
flow-synth-00151,Defence,video_like_udp,1209.52,83.33,59.73,72240.97,16.52,2.97,0.14,64.14,3830,19,2,0,67,0,Moderate
flow-synth-00152,Healthcare,bulk_transfer_like,1322.7,83.27,151.33,200157.78,7.37,1.46,0.08,49.19,7444,7,2,0,64,0,Moderate
flow-synth-00153,Government,web_like,596.49,247.96,18.7,11156.2,32.13,17.1,0.33,83.05,1553,2,2,0,39,0,Low
flow-synth-00154,Government,idle_keepalive,123.71,12.5,0.14,50.0,30084.4,6.82,1.0,69.55,10,0,2,1,24,0,Low
flow-synth-00155,Government,web_like,509.71,240.06,29.98,15279.87,33.59,22.82,0.32,46.53,1394,5,4,1,36,0,Low
flow-synth-00156,Government,web_like,570.69,176.59,41.16,23490.25,27.75,19.86,0.5,68.28,2810,4,4,1,50,0,Low
flow-synth-00157,Defence,web_like,674.7,274.94,11.7,7897.02,45.21,26.76,0.15,43.93,514,3,2,1,54,0,Low
flow-synth-00158,Healthcare,bulk_transfer_like,1433.76,113.55,157.86,226328.33,6.18,3.08,0.07,55.93,8828,11,2,0,59,0,Moderate
flow-synth-00159,Government,idle_keepalive,103.49,6.58,0.1,50.0,29960.49,7.72,1.0,60.67,10,0,2,0,19,0,Low
flow-synth-00160,Defence,bulk_transfer_like,1368.83,67.96,205.25,280954.11,3.63,1.44,0.1,30.01,6159,5,4,1,57,0,Moderate
flow-synth-00161,Healthcare,web_like,393.74,209.51,24.91,9806.94,52.42,7.22,0.6,73.89,1840,4,2,0,45,0,Low
flow-synth-00162,Defence,bulk_transfer_like,1289.98,43.56,86.58,111682.69,4.9,1.65,0.1,45.02,3897,9,2,1,74,0,Moderate
flow-synth-00163,Defence,video_like_udp,1291.27,81.81,67.62,87311.31,16.61,2.09,0.08,42.21,2853,9,4,1,73,0,Moderate
flow-synth-00164,Healthcare,icmp_like,76.66,2.51,0.78,59.74,978.47,2.31,1.0,109.86,85,0,2,0,12,0,Low
flow-synth-00165,Defence,video_like_udp,1298.27,130.05,44.06,57202.46,18.04,0.54,0.12,89.52,3944,13,2,0,82,1,High
flow-synth-00166,Healthcare,idle_keepalive,136.25,11.55,0.11,50.0,29927.72,8.65,1.0,56.5,10,0,4,1,28,0,Low
flow-synth-00167,Government,web_like,456.87,231.46,16.81,7680.98,42.34,17.95,0.56,69.49,1168,2,2,1,58,0,Low
flow-synth-00168,Healthcare,video_like_udp,1403.24,87.5,57.5,80680.73,16.66,0.54,0.12,47.81,2748,16,4,0,77,0,Moderate
flow-synth-00169,Healthcare,icmp_like,83.25,2.06,1.11,92.07,999.3,2.39,1.0,74.52,82,0,2,0,22,0,Low
flow-synth-00170,Government,video_like_udp,1257.05,53.59,76.56,96245.4,17.89,0.79,0.1,47.97,3672,18,2,0,82,1,High
flow-synth-00171,Defence,web_like,556.35,196.52,19.09,10622.33,38.37,15.67,0.43,29.31,559,5,4,0,33,0,Low
flow-synth-00172,Defence,web_like,640.37,229.98,42.31,27093.62,29.47,16.75,0.38,79.79,3375,2,2,0,32,0,Low
flow-synth-00173,Defence,web_like,411.29,137.92,28.33,11652.48,51.11,14.54,0.01,77.26,2188,3,2,0,35,0,Low
flow-synth-00174,Healthcare,video_like_udp,1240.18,97.72,52.81,65498.37,13.61,1.78,0.04,101.21,5345,11,2,1,87,1,High
flow-synth-00175,Government,web_like,497.14,232.15,32.73,16272.73,48.4,24.07,0.45,65.83,2154,3,2,0,50,0,Low
flow-synth-00176,Defence,video_like_udp,1243.47,90.05,60.2,74859.66,15.42,1.88,0.14,70.17,4224,14,2,1,66,0,Moderate
flow-synth-00177,Healthcare,bulk_transfer_like,1317.31,36.76,194.66,256424.82,5.19,2.71,0.08,100.27,19517,8,4,0,66,0,Moderate
flow-synth-00178,Government,video_like_udp,1286.83,85.87,65.85,84733.43,12.91,1.31,0.17,46.86,3085,14,2,0,83,1,High
flow-synth-00179,Government,icmp_like,82.19,1.56,1.06,86.84,992.92,1.37,1.0,77.59,81,0,2,1,15,0,Low
flow-synth-00180,Defence,bulk_transfer_like,1361.34,63.04,186.96,254517.15,5.79,1.58,0.05,59.46,11116,4,2,0,63,0,Moderate
flow-synth-00181,Healthcare,idle_keepalive,128.61,7.38,0.12,50.0,29985.39,6.8,1.0,89.11,10,0,2,0,16,0,Low
flow-synth-00182,Defence,video_like_udp,1369.96,113.65,69.93,95807.43,13.89,1.98,0.14,55.79,3901,14,2,0,73,0,Moderate
flow-synth-00183,Healthcare,web_like,425.07,131.35,40.45,17193.98,28.76,16.67,0.36,33.19,1342,3,2,0,46,0,Low
flow-synth-00184,Healthcare,web_like,640.43,222.17,26.13,16732.64,52.05,13.12,0.58,57.2,1494,5,2,0,43,0,Low
flow-synth-00185,Defence,web_like,612.92,256.94,25.45,15597.62,26.44,20.4,0.3,60.61,1542,4,2,1,47,0,Low
flow-synth-00186,Healthcare,bulk_transfer_like,1292.86,89.89,208.94,270136.64,8.26,2.75,0.02,61.57,12864,6,2,0,61,0,Moderate
flow-synth-00187,Defence,video_like_udp,1330.1,100.13,52.07,69256.13,15.13,2.46,0.13,52.89,2754,19,2,0,69,0,Moderate
flow-synth-00188,Government,web_like,607.13,219.8,22.42,13612.13,26.48,24.47,0.51,71.68,1607,4,2,0,56,0,Low
flow-synth-00189,Government,web_like,431.42,269.47,37.11,16010.69,73.5,19.39,0.44,75.48,2801,5,2,1,46,0,Low
flow-synth-00190,Healthcare,idle_keepalive,136.83,9.27,0.11,50.0,30046.3,0.1,1.0,91.27,10,0,4,0,18,0,Low
flow-synth-00191,Healthcare,video_like_udp,1217.49,78.06,70.72,86097.65,16.39,1.36,0.1,36.38,2573,8,2,0,87,1,High
flow-synth-00192,Defence,bulk_transfer_like,1361.31,101.51,158.49,215756.85,5.86,2.54,0.05,92.12,14600,11,2,0,56,0,Moderate
flow-synth-00193,Defence,web_like,711.87,170.31,27.09,19282.49,54.81,23.09,0.41,86.13,2333,2,2,0,33,0,Low
flow-synth-00194,Government,icmp_like,85.44,1.42,0.87,74.54,986.89,2.62,1.0,77.64,67,0,2,0,22,0,Low
flow-synth-00195,Healthcare,web_like,590.13,166.73,13.38,7894.86,41.81,23.1,0.53,66.08,883,3,2,0,45,0,Low
flow-synth-00196,Government,idle_keepalive,99.35,9.44,0.15,50.0,30335.96,12.2,1.0,51.77,10,0,4,1,27,0,Low
flow-synth-00197,Healthcare,bulk_transfer_like,1383.79,66.17,91.06,126002.05,2.24,1.62,0.08,66.64,6067,5,2,1,58,0,Moderate
flow-synth-00198,Defence,icmp_like,84.4,2.15,0.91,76.56,996.54,2.58,1.0,56.51,51,0,2,1,13,0,Low
flow-synth-00199,Defence,idle_keepalive,105.69,6.09,0.1,50.0,29612.7,8.56,1.0,74.28,10,0,2,1,23,0,Low
flow-synth-00200,Government,idle_keepalive,112.11,7.97,0.1,50.0,29773.79,4.71,1.0,39.47,10,0,2,1,29,0,Low
flow-synth-00201,Healthcare,web_like,547.37,230.64,11.5,6294.54,35.65,22.77,0.21,33.34,383,3,2,0,34,0,Low
flow-synth-00202,Healthcare,web_like,805.63,213.2,26.78,21577.31,32.3,16.11,0.34,49.16,1316,3,2,0,54,0,Low
flow-synth-00203,Defence,web_like,562.06,255.95,15.87,8921.86,42.74,20.57,0.5,67.59,1072,2,4,0,36,0,Low
flow-synth-00204,Defence,web_like,739.27,206.69,17.37,12839.46,26.8,17.65,0.33,100.2,1740,5,2,1,48,0,Low
flow-synth-00205,Government,video_like_udp,1310.96,146.44,64.21,84173.89,14.14,1.71,0.17,47.08,3022,10,2,0,81,1,High
flow-synth-00206,Healthcare,video_like_udp,1240.04,82.93,54.47,67540.93,15.85,2.61,0.13,54.95,2993,13,2,0,84,1,High
flow-synth-00207,Government,web_like,500.35,230.46,26.54,13279.12,41.62,17.63,0.29,56.39,1496,5,2,0,41,0,Low
flow-synth-00208,Government,video_like_udp,1439.66,102.47,56.48,81314.74,14.75,2.37,0.12,31.23,1764,15,2,0,73,0,Moderate
flow-synth-00209,Healthcare,video_like_udp,1373.66,122.0,59.53,81769.85,18.16,1.83,0.15,35.42,2108,17,2,0,84,1,High
flow-synth-00210,Healthcare,web_like,563.4,147.37,34.38,19370.91,72.52,19.1,0.39,53.56,1841,5,2,1,57,0,Low
flow-synth-00211,Defence,icmp_like,81.8,2.94,0.83,67.74,1011.42,1.99,1.0,66.06,54,0,4,0,22,0,Low
flow-synth-00212,Government,web_like,582.89,179.11,19.98,11647.94,48.7,19.76,0.39,69.68,1392,5,4,1,58,0,Low
flow-synth-00213,Defence,icmp_like,83.06,2.29,0.91,75.93,986.72,2.87,1.0,62.68,57,0,2,0,11,0,Low
flow-synth-00214,Healthcare,web_like,552.41,145.04,25.29,13971.75,34.82,27.85,0.44,68.43,1730,3,2,1,55,0,Low
flow-synth-00215,Healthcare,video_like_udp,1222.89,145.37,79.82,97617.43,16.63,2.01,0.14,53.65,4282,18,2,0,67,0,Moderate
flow-synth-00216,Healthcare,bulk_transfer_like,1329.6,89.39,139.74,185795.65,5.23,1.74,0.07,68.65,9593,10,4,0,57,0,Moderate
flow-synth-00217,Healthcare,web_like,484.65,267.76,26.74,12960.08,44.64,22.1,0.31,65.64,1755,5,4,1,42,0,Low
flow-synth-00218,Government,video_like_udp,1317.33,85.52,52.61,69309.0,12.97,1.51,0.08,53.93,2837,10,4,0,78,0,Moderate
flow-synth-00219,Defence,icmp_like,82.49,1.98,0.92,75.8,999.33,2.43,1.0,77.7,71,0,2,0,29,0,Low
flow-synth-00220,Healthcare,icmp_like,84.16,2.15,1.41,118.52,1009.42,3.76,1.0,70.64,99,0,4,0,29,0,Low
flow-synth-00221,Defence,bulk_transfer_like,1375.28,67.08,143.57,197451.22,5.61,0.97,0.07,74.91,10754,6,2,0,57,0,Moderate
flow-synth-00222,Defence,web_like,442.55,183.77,25.19,11147.82,27.62,10.36,0.59,62.29,1569,5,2,0,59,0,Low
flow-synth-00223,Defence,idle_keepalive,95.61,7.01,0.11,50.0,30278.63,6.32,1.0,75.72,10,0,2,1,19,0,Low
flow-synth-00224,Defence,video_like_udp,1233.63,100.96,73.75,90982.82,16.6,1.89,0.16,37.59,2772,14,4,0,79,0,Moderate
flow-synth-00225,Defence,web_like,527.91,170.53,20.25,10690.82,59.19,16.37,0.61,82.18,1664,5,4,1,57,0,Low
flow-synth-00226,Government,icmp_like,86.91,1.33,0.96,83.3,982.5,2.73,1.0,55.69,53,0,2,0,27,0,Low
flow-synth-00227,Defence,bulk_transfer_like,1340.22,35.84,171.19,229434.97,3.02,2.37,0.04,61.65,10553,8,4,1,74,0,Moderate
flow-synth-00228,Government,bulk_transfer_like,1294.41,73.82,149.91,194049.88,5.88,2.9,0.02,62.3,9339,9,2,1,63,0,Moderate
flow-synth-00229,Healthcare,web_like,454.29,202.23,16.91,7682.21,45.22,18.62,0.08,98.02,1657,2,2,1,36,0,Low
flow-synth-00230,Government,icmp_like,83.76,1.29,0.7,58.4,981.97,0.73,1.0,36.36,25,0,2,0,17,0,Low
flow-synth-00231,Healthcare,idle_keepalive,132.53,5.6,0.13,50.0,30137.57,11.26,1.0,62.9,10,0,2,0,28,0,Low
flow-synth-00232,Defence,idle_keepalive,110.78,6.58,0.11,50.0,29833.54,3.37,1.0,63.87,10,0,2,0,32,0,Low
flow-synth-00233,Defence,video_like_udp,1239.07,117.99,65.14,80711.97,12.25,1.35,0.1,90.12,5870,16,2,0,74,0,Moderate
flow-synth-00234,Defence,bulk_transfer_like,1412.93,45.32,188.27,266010.47,6.41,2.33,0.1,85.64,16123,6,2,1,56,0,Moderate
flow-synth-00235,Government,bulk_transfer_like,1365.26,86.34,256.04,349557.43,4.5,2.04,0.1,56.08,14359,9,2,0,71,0,Moderate
flow-synth-00236,Defence,video_like_udp,1271.27,57.87,74.48,94683.31,14.93,1.43,0.11,65.25,4859,16,2,1,85,1,High
flow-synth-00237,Government,web_like,655.63,187.52,13.37,8766.55,68.29,9.73,0.35,64.64,864,4,2,1,45,0,Low
flow-synth-00238,Healthcare,web_like,531.39,196.18,35.18,18692.52,79.05,20.69,0.25,64.55,2270,2,4,0,53,0,Low
flow-synth-00239,Defence,icmp_like,75.54,3.27,0.9,68.01,991.34,2.17,1.0,84.44,76,0,2,0,14,0,Low
flow-synth-00240,Healthcare,bulk_transfer_like,1365.0,110.29,261.43,356848.75,5.53,2.35,0.03,30.98,8099,9,4,0,69,0,Moderate
flow-synth-00241,Government,idle_keepalive,103.56,7.93,0.1,50.0,30214.18,8.58,1.0,14.27,10,0,2,1,20,0,Low
flow-synth-00242,Defence,icmp_like,88.69,2.37,0.98,86.79,1004.48,0.74,1.0,37.46,36,0,2,0,13,0,Low
flow-synth-00243,Healthcare,video_like_udp,1279.08,104.93,51.32,65642.18,15.85,2.13,0.1,70.86,3636,10,4,0,74,0,Moderate
flow-synth-00244,Healthcare,idle_keepalive,132.73,8.06,0.1,50.0,29777.06,12.24,1.0,20.41,10,0,2,0,25,0,Low
flow-synth-00245,Government,idle_keepalive,131.22,5.85,0.11,50.0,30414.82,7.24,1.0,72.62,10,0,2,0,25,0,Low
flow-synth-00246,Defence,video_like_udp,1247.3,72.45,74.61,93056.3,17.73,1.48,0.19,54.26,4047,15,2,1,69,0,Moderate
flow-synth-00247,Government,idle_keepalive,159.67,4.99,0.11,50.0,30093.54,13.26,1.0,61.96,10,0,2,0,25,0,Low
flow-synth-00248,Government,video_like_udp,1246.07,96.89,60.38,75242.34,19.54,1.81,0.15,58.96,3560,19,2,0,76,0,Moderate
flow-synth-00249,Defence,video_like_udp,1362.08,92.91,44.76,60959.89,20.95,2.28,0.2,36.85,1649,16,2,1,83,1,High
flow-synth-00250,Healthcare,bulk_transfer_like,1407.52,84.46,177.8,250263.48,5.84,2.41,0.1,83.32,14813,7,2,0,61,0,Moderate
flow-synth-00251,Healthcare,video_like_udp,1269.78,91.62,74.04,94008.8,20.27,1.9,0.2,55.17,4084,18,4,0,67,0,Moderate
flow-synth-00252,Defence,bulk_transfer_like,1325.22,88.14,141.13,187033.31,3.84,1.72,0.11,84.19,11881,11,2,1,69,0,Moderate
flow-synth-00253,Healthcare,web_like,381.65,217.22,25.16,9602.99,34.57,19.88,0.63,46.08,1159,3,2,0,33,0,Low
flow-synth-00254,Defence,video_like_udp,1246.24,91.39,56.08,69883.97,14.98,0.85,0.13,89.1,4996,15,2,1,81,1,High
flow-synth-00255,Government,video_like_udp,1280.15,90.52,64.83,82986.16,15.28,1.45,0.08,44.73,2899,14,4,0,67,0,Moderate
flow-synth-00256,Government,bulk_transfer_like,1397.33,76.12,169.42,236734.2,3.1,2.48,0.04,26.94,4564,8,2,0,67,0,Moderate
flow-synth-00257,Defence,video_like_udp,1340.16,73.63,67.35,90259.98,15.62,2.3,0.21,34.19,2302,15,2,0,86,1,High
flow-synth-00258,Government,icmp_like,84.84,1.51,1.16,98.53,990.26,2.38,1.0,70.11,81,0,4,1,13,0,Low
flow-synth-00259,Government,bulk_transfer_like,1377.66,69.82,178.98,246569.26,3.38,1.68,0.07,46.86,8387,5,2,0,65,0,Moderate
flow-synth-00260,Defence,web_like,370.78,238.27,31.44,11658.06,52.62,19.25,0.25,108.76,3419,3,2,0,34,0,Low
flow-synth-00261,Government,idle_keepalive,122.77,5.89,0.11,50.0,30211.99,4.36,1.0,36.22,10,0,2,0,26,0,Low
flow-synth-00262,Defence,bulk_transfer_like,1326.29,86.83,183.13,242887.93,4.83,1.59,0.09,63.83,11689,8,2,1,65,0,Moderate
flow-synth-00263,Defence,web_like,547.52,167.78,32.47,17776.84,44.44,16.29,0.33,62.8,2038,2,2,1,51,0,Low
flow-synth-00264,Government,bulk_transfer_like,1360.02,92.02,122.25,166257.2,2.74,1.77,0.04,84.7,10354,7,4,0,63,0,Moderate
flow-synth-00265,Defence,idle_keepalive,115.2,7.21,0.11,50.0,29925.88,16.31,1.0,72.96,10,0,4,1,15,0,Low
flow-synth-00266,Defence,web_like,623.14,206.06,20.53,12792.07,43.66,15.96,0.77,40.15,824,2,2,0,57,0,Low
flow-synth-00267,Government,video_like_udp,1285.67,87.23,69.14,88896.62,16.78,1.34,0.12,65.83,4552,17,2,0,78,0,Moderate
flow-synth-00268,Healthcare,bulk_transfer_like,1351.76,90.07,212.52,287279.37,4.47,2.82,0.07,68.87,14636,8,2,1,65,0,Moderate
flow-synth-00269,Healthcare,web_like,695.31,187.96,10.43,7252.44,38.06,15.35,0.35,44.74,466,5,4,0,56,0,Low
flow-synth-00270,Healthcare,web_like,554.93,149.01,13.17,7309.31,38.87,10.27,0.22,34.39,453,4,2,1,55,0,Low
flow-synth-00271,Defence,video_like_udp,1311.44,64.34,81.71,107158.68,19.28,2.1,0.2,70.4,5752,11,2,1,79,0,Moderate
flow-synth-00272,Government,video_like_udp,1377.18,104.28,75.53,104021.7,13.73,1.47,0.13,63.0,4758,9,2,1,77,0,Moderate
flow-synth-00273,Healthcare,web_like,520.66,276.46,24.17,12582.74,44.77,10.44,0.31,66.78,1613,5,2,1,36,0,Low
flow-synth-00274,Healthcare,web_like,430.64,225.73,35.3,15203.3,45.91,15.78,0.21,91.56,3232,5,2,0,40,0,Low
flow-synth-00275,Government,video_like_udp,1239.46,63.56,61.66,76424.68,16.53,2.29,0.12,38.22,2356,16,2,1,78,0,Moderate
flow-synth-00276,Defence,web_like,522.86,211.51,28.68,14993.83,42.05,8.24,0.32,64.49,1849,3,2,1,59,0,Low
flow-synth-00277,Government,icmp_like,83.28,3.37,0.56,50.0,1015.33,0.86,1.0,54.67,30,0,2,1,20,0,Low
flow-synth-00278,Defence,video_like_udp,1238.07,105.07,64.1,79362.17,15.97,2.61,0.08,59.41,3808,16,2,0,80,0,Moderate
flow-synth-00279,Defence,web_like,790.62,231.87,23.1,18262.46,23.88,18.73,0.52,58.39,1348,4,2,1,52,0,Low
flow-synth-00280,Government,video_like_udp,1238.88,127.92,55.63,68923.42,18.77,2.32,0.11,55.18,3069,11,4,0,79,0,Moderate
flow-synth-00281,Government,web_like,369.98,232.49,27.34,10114.51,55.65,20.1,0.32,85.39,2334,5,4,1,39,0,Low
flow-synth-00282,Defence,icmp_like,82.04,2.47,1.28,104.81,1000.66,1.32,1.0,43.64,55,0,2,0,12,0,Low
flow-synth-00283,Defence,bulk_transfer_like,1517.31,50.73,270.27,410084.67,5.13,2.05,0.06,84.89,22944,5,2,1,68,0,Moderate
flow-synth-00284,Defence,video_like_udp,1184.19,123.16,61.26,72547.18,16.57,2.13,0.14,42.7,2615,16,4,1,68,0,Moderate
flow-synth-00285,Government,idle_keepalive,96.9,11.97,0.12,50.0,30526.84,7.58,1.0,79.16,10,0,2,0,21,0,Low
flow-synth-00286,Healthcare,web_like,519.2,246.87,22.98,11930.94,60.13,9.29,0.4,48.99,1125,2,2,1,37,0,Low
flow-synth-00287,Government,web_like,427.12,195.35,27.55,11767.49,42.13,22.26,0.59,52.62,1449,5,4,1,58,0,Low
flow-synth-00288,Defence,icmp_like,87.6,2.74,1.21,106.14,995.2,0.1,1.0,84.96,102,0,2,0,29,0,Low
flow-synth-00289,Government,web_like,484.54,206.74,26.78,12976.67,36.15,13.95,0.41,45.37,1215,3,2,0,37,0,Low
flow-synth-00290,Government,web_like,427.45,168.8,18.01,7697.38,56.61,22.92,0.36,82.67,1488,3,2,0,59,0,Low
flow-synth-00291,Healthcare,bulk_transfer_like,1413.73,60.38,161.42,228210.51,6.05,2.57,0.07,89.19,14398,9,4,1,58,0,Moderate
flow-synth-00292,Government,video_like_udp,1193.99,80.04,66.29,79144.86,19.2,1.99,0.14,48.61,3222,16,4,1,81,1,High
flow-synth-00293,Defence,web_like,611.55,149.88,32.42,19823.73,30.02,15.7,0.44,35.88,1163,2,4,0,54,0,Low
flow-synth-00294,Defence,web_like,520.09,199.02,25.76,13399.09,39.54,17.59,0.5,37.72,971,2,2,0,32,0,Low
flow-synth-00295,Government,icmp_like,85.25,1.55,0.86,73.15,1018.76,0.5,1.0,69.86,59,0,2,0,24,0,Low
flow-synth-00296,Defence,idle_keepalive,83.47,8.29,0.1,50.0,30059.97,11.46,1.0,84.96,10,0,2,0,16,0,Low
flow-synth-00297,Government,icmp_like,77.93,1.64,1.18,91.81,1005.75,2.4,1.0,61.0,71,0,2,0,28,0,Low
flow-synth-00298,Government,web_like,344.38,183.8,15.7,5408.3,41.42,19.12,0.43,30.22,474,4,2,0,33,0,Low
flow-synth-00299,Government,video_like_udp,1330.75,95.16,77.53,103170.62,15.19,1.56,0.12,62.04,4809,11,2,1,80,0,Moderate
flow-synth-00300,Healthcare,web_like,496.85,193.1,23.56,11707.22,39.12,15.8,0.21,80.18,1889,3,2,1,30,0,Low
flow-synth-00301,Government,web_like,519.6,152.74,28.78,14953.23,33.92,16.6,0.59,36.78,1058,4,2,0,31,0,Low
flow-synth-00302,Healthcare,video_like_udp,1254.85,63.75,58.41,73295.62,16.28,2.14,0.15,40.72,2378,15,2,0,84,1,High
flow-synth-00303,Government,video_like_udp,1232.14,103.59,63.51,78257.65,15.67,1.42,0.11,41.52,2636,12,2,1,82,1,High
flow-synth-00304,Government,web_like,469.3,278.06,15.13,7102.31,22.07,13.03,0.3,41.56,629,2,2,1,32,0,Low
flow-synth-00305,Government,video_like_udp,1229.8,100.18,64.69,79560.13,14.16,1.89,0.1,54.57,3530,19,2,0,83,1,High
flow-synth-00306,Government,video_like_udp,1354.93,126.19,75.9,102837.92,17.63,1.01,0.16,55.7,4227,11,2,0,66,0,Moderate
flow-synth-00307,Government,web_like,570.45,276.57,29.8,16998.07,31.63,28.17,0.41,54.88,1635,2,2,1,38,0,Low
flow-synth-00308,Government,icmp_like,86.29,1.94,1.22,105.69,996.66,2.45,1.0,39.61,48,0,2,0,25,0,Low
flow-synth-00309,Defence,icmp_like,83.9,4.11,0.83,69.9,1011.71,2.28,1.0,65.96,54,0,2,0,13,0,Low
flow-synth-00310,Healthcare,bulk_transfer_like,1435.49,70.15,180.63,259295.11,5.4,3.04,0.12,49.94,9020,5,2,1,72,0,Moderate
flow-synth-00311,Healthcare,video_like_udp,1293.17,102.36,61.66,79731.86,14.03,1.45,0.08,43.36,2673,15,2,0,75,0,Moderate
flow-synth-00312,Government,bulk_transfer_like,1436.73,73.98,244.6,351421.76,6.7,2.34,0.09,61.52,15047,6,2,0,58,0,Moderate
flow-synth-00313,Defence,video_like_udp,1317.13,107.06,51.62,67994.91,17.34,2.24,0.09,60.76,3136,17,2,0,81,1,High
flow-synth-00314,Defence,video_like_udp,1287.69,114.16,46.82,60292.37,16.17,2.21,0.11,55.38,2593,16,2,0,82,1,High
flow-synth-00315,Government,icmp_like,89.81,0.66,1.14,102.26,993.94,3.38,1.0,36.93,42,0,2,0,13,0,Low
flow-synth-00316,Healthcare,web_like,552.5,194.14,35.17,19433.05,59.99,18.0,0.21,68.54,2410,3,2,0,36,0,Low
flow-synth-00317,Healthcare,idle_keepalive,119.79,6.62,0.1,50.0,30288.73,6.23,1.0,76.26,10,0,2,0,20,0,Low
flow-synth-00318,Defence,bulk_transfer_like,1361.91,59.92,214.24,291779.19,6.65,1.97,0.12,97.39,20865,7,2,1,59,0,Moderate
flow-synth-00319,Healthcare,web_like,321.58,244.3,17.07,5488.37,36.09,21.42,0.48,72.13,1231,3,2,0,39,0,Low
flow-synth-00320,Government,bulk_transfer_like,1296.54,64.39,150.46,195076.12,4.19,1.82,0.11,78.44,11801,4,4,0,59,0,Moderate
flow-synth-00321,Defence,video_like_udp,1304.13,105.5,70.07,91378.75,19.71,1.23,0.14,41.47,2905,11,4,1,79,0,Moderate
flow-synth-00322,Defence,web_like,236.28,193.33,28.96,6841.94,46.93,26.77,0.42,18.77,543,3,2,1,51,0,Low
flow-synth-00323,Government,web_like,600.61,272.89,19.36,11625.78,55.43,29.0,0.36,53.25,1030,4,4,0,43,0,Low
flow-synth-00324,Government,web_like,484.08,183.57,17.07,8261.37,27.29,20.69,0.63,89.96,1535,4,2,0,58,0,Low
flow-synth-00325,Healthcare,web_like,484.65,225.25,30.33,14698.82,59.88,14.89,0.31,38.76,1175,2,2,0,51,0,Low
flow-synth-00326,Healthcare,bulk_transfer_like,1343.85,81.13,185.33,249050.76,5.86,2.55,0.08,50.54,9366,10,2,1,71,0,Moderate
flow-synth-00327,Defence,web_like,398.71,204.72,25.41,10132.9,9.78,19.56,0.39,44.7,1136,4,4,1,58,0,Low
flow-synth-00328,Defence,web_like,701.06,249.87,26.25,18399.37,63.1,20.23,0.46,18.28,479,5,2,0,38,0,Low
flow-synth-00329,Healthcare,web_like,519.44,200.44,35.44,18409.75,46.0,16.21,0.39,80.47,2851,2,2,0,43,0,Low
flow-synth-00330,Government,bulk_transfer_like,1415.68,70.85,178.29,252398.27,5.57,2.61,0.01,63.83,11380,7,2,0,69,0,Moderate
flow-synth-00331,Defence,video_like_udp,1252.01,90.15,57.37,71824.17,15.01,2.47,0.08,46.23,2651,13,2,0,78,0,Moderate
flow-synth-00332,Defence,bulk_transfer_like,1331.9,76.31,155.81,207524.32,2.85,2.64,0.12,66.31,10332,6,2,1,65,0,Moderate
flow-synth-00333,Healthcare,idle_keepalive,124.58,10.89,0.1,50.0,30020.79,8.26,1.0,87.93,10,0,2,0,23,0,Low
flow-synth-00334,Healthcare,web_like,585.61,240.05,28.99,16978.38,28.27,18.34,0.56,90.52,2624,2,2,0,56,0,Low
flow-synth-00335,Government,icmp_like,82.23,1.52,1.06,87.11,1004.63,2.16,1.0,66.23,70,0,2,1,12,0,Low
flow-synth-00336,Government,bulk_transfer_like,1426.11,72.84,185.49,264529.9,6.89,1.62,0.11,43.9,8142,8,2,1,67,0,Moderate
flow-synth-00337,Government,bulk_transfer_like,1427.74,54.89,194.13,277160.87,6.74,2.27,0.09,73.11,14192,6,2,1,69,0,Moderate
flow-synth-00338,Defence,bulk_transfer_like,1453.48,108.43,173.37,251988.96,4.2,2.44,0.08,103.76,17988,4,4,0,60,0,Moderate
flow-synth-00339,Defence,icmp_like,86.13,1.19,1.15,98.77,1012.97,2.09,1.0,69.26,79,0,2,1,23,0,Low
flow-synth-00340,Healthcare,icmp_like,78.53,2.85,0.75,59.17,1005.52,2.5,1.0,73.31,55,0,2,0,15,0,Low
flow-synth-00341,Healthcare,web_like,616.7,184.34,27.64,17045.78,39.73,9.08,0.32,28.73,793,5,2,1,32,0,Low
flow-synth-00342,Defence,web_like,589.01,254.45,26.98,15893.04,47.65,9.85,0.35,51.21,1381,5,4,0,37,0,Low
flow-synth-00343,Defence,bulk_transfer_like,1433.48,66.61,191.01,273807.07,6.39,2.45,0.15,36.47,6966,11,2,0,67,0,Moderate
flow-synth-00344,Government,video_like_udp,1340.74,80.06,45.88,61512.62,16.88,1.2,0.15,64.79,2972,13,2,0,78,0,Moderate
flow-synth-00345,Healthcare,web_like,593.26,179.18,20.79,12336.27,39.54,18.03,0.38,73.19,1522,2,4,1,39,0,Low
flow-synth-00346,Government,bulk_transfer_like,1330.04,76.62,233.84,311019.11,6.46,1.6,0.09,81.09,18962,4,2,0,74,0,Moderate
flow-synth-00347,Government,idle_keepalive,122.98,5.03,0.1,50.0,30303.39,14.05,1.0,82.37,10,0,2,0,19,0,Low
flow-synth-00348,Government,icmp_like,86.2,2.69,1.32,113.74,999.34,1.48,1.0,78.76,103,0,2,0,27,0,Low
flow-synth-00349,Government,web_like,500.96,189.22,25.23,12637.9,44.13,18.32,0.41,45.03,1135,2,2,0,36,0,Low
flow-synth-00350,Government,video_like_udp,1219.7,104.34,60.02,73210.0,19.24,2.28,0.14,56.42,3386,9,2,0,84,1,High
flow-synth-00351,Government,bulk_transfer_like,1302.94,118.12,161.47,210389.91,5.79,2.53,0.12,66.0,10656,5,2,0,58,0,Moderate
flow-synth-00352,Healthcare,icmp_like,84.69,1.7,1.04,87.98,991.64,1.7,1.0,63.55,66,0,2,0,26,0,Low
flow-synth-00353,Government,web_like,642.47,220.45,26.66,17125.46,51.59,20.57,0.35,72.59,1934,4,2,1,53,0,Low
flow-synth-00354,Defence,icmp_like,80.78,2.9,0.87,70.58,1002.53,2.66,1.0,52.92,46,0,4,0,17,0,Low
flow-synth-00355,Government,web_like,444.97,129.39,13.99,6224.62,50.76,19.89,0.47,23.09,322,3,2,0,47,0,Low
flow-synth-00356,Healthcare,video_like_udp,1220.31,87.47,57.22,69820.47,15.52,2.42,0.02,51.77,2962,12,4,1,72,0,Moderate
flow-synth-00357,Government,idle_keepalive,112.74,5.49,0.12,50.0,29717.0,6.1,1.0,52.41,10,0,4,0,27,0,Low
flow-synth-00358,Healthcare,web_like,576.53,245.25,20.96,12082.9,18.98,17.1,0.6,65.64,1375,2,4,1,35,0,Low
flow-synth-00359,Defence,web_like,462.39,250.32,24.93,11528.06,40.79,19.88,0.39,40.07,999,3,2,0,54,0,Low
flow-synth-00360,Government,icmp_like,87.93,0.85,0.9,79.06,1006.3,0.37,1.0,69.64,62,0,2,1,21,0,Low
flow-synth-00361,Healthcare,bulk_transfer_like,1376.59,87.88,102.89,141641.92,5.17,2.61,0.08,31.9,3281,11,2,0,63,0,Moderate
flow-synth-00362,Healthcare,icmp_like,70.7,0.53,0.92,64.7,1010.36,1.78,1.0,81.09,74,0,2,0,16,0,Low
flow-synth-00363,Defence,web_like,711.92,199.04,22.05,15699.87,38.4,29.42,0.64,35.33,779,3,2,0,43,0,Low
flow-synth-00364,Healthcare,bulk_transfer_like,1389.73,38.07,214.55,298169.44,4.43,2.34,0.04,65.82,14121,9,2,0,57,0,Moderate
flow-synth-00365,Healthcare,idle_keepalive,110.88,6.92,0.1,50.0,30166.67,6.69,1.0,64.41,10,0,4,0,28,0,Low
flow-synth-00366,Healthcare,video_like_udp,1264.76,113.47,69.2,87516.5,18.86,3.04,0.21,70.7,4891,13,4,1,68,0,Moderate
flow-synth-00367,Healthcare,idle_keepalive,138.43,6.73,0.11,50.0,29582.59,8.25,1.0,40.0,10,0,2,1,31,0,Low
flow-synth-00368,Defence,icmp_like,80.87,2.7,1.04,83.8,1004.3,3.09,1.0,91.82,95,0,2,0,14,0,Low
flow-synth-00369,Defence,icmp_like,83.18,1.96,0.76,62.98,1019.39,0.88,1.0,56.53,42,0,2,1,16,0,Low
flow-synth-00370,Healthcare,web_like,606.8,201.34,38.82,23556.44,55.57,22.5,0.42,51.85,2012,4,2,0,49,0,Low
flow-synth-00371,Government,bulk_transfer_like,1343.02,120.52,162.68,218487.91,5.88,1.24,0.1,72.98,11873,4,2,0,74,0,Moderate
flow-synth-00372,Government,video_like_udp,1317.87,78.81,52.76,69537.01,18.66,1.7,0.13,69.71,3678,18,2,1,72,0,Moderate
flow-synth-00373,Defence,bulk_transfer_like,1446.06,97.28,191.14,276406.5,3.79,2.22,0.09,31.31,5984,11,4,1,60,0,Moderate
flow-synth-00374,Healthcare,bulk_transfer_like,1312.42,71.36,242.58,318373.14,5.2,1.82,0.03,46.87,11369,8,2,0,73,0,Moderate
flow-synth-00375,Healthcare,idle_keepalive,138.13,11.41,0.1,50.0,30109.21,12.62,1.0,30.15,10,0,2,0,19,0,Low
flow-synth-00376,Healthcare,bulk_transfer_like,1374.91,90.67,141.49,194539.53,4.32,2.69,0.11,46.72,6609,10,2,0,68,0,Moderate
flow-synth-00377,Defence,bulk_transfer_like,1399.67,71.43,147.18,206005.51,5.52,2.24,0.04,55.65,8191,6,2,1,63,0,Moderate
flow-synth-00378,Government,bulk_transfer_like,1395.89,60.26,144.79,202112.89,3.99,2.61,0.08,65.29,9452,6,2,1,64,0,Moderate
flow-synth-00379,Defence,icmp_like,86.9,1.2,0.89,77.17,993.51,1.72,1.0,56.09,49,0,2,0,25,0,Low
flow-synth-00380,Defence,icmp_like,89.91,1.61,1.12,100.26,1007.27,2.35,1.0,82.71,92,0,4,0,27,0,Low
flow-synth-00381,Healthcare,video_like_udp,1224.69,74.39,57.91,70926.55,14.54,1.27,0.17,54.82,3175,13,2,1,85,1,High
flow-synth-00382,Government,bulk_transfer_like,1370.32,114.25,177.49,243222.63,3.28,2.57,0.03,51.78,9190,9,2,0,59,0,Moderate
flow-synth-00383,Defence,bulk_transfer_like,1354.11,61.75,187.54,253947.53,5.58,2.75,0.06,93.22,17481,5,2,0,74,0,Moderate
flow-synth-00384,Healthcare,video_like_udp,1273.86,97.33,52.7,67130.07,20.42,2.56,0.14,68.47,3608,19,2,0,83,1,High
flow-synth-00385,Healthcare,web_like,768.88,140.23,28.66,22034.65,41.21,20.7,0.34,57.08,1635,5,2,0,54,0,Low
flow-synth-00386,Healthcare,icmp_like,82.35,3.89,1.11,91.51,986.65,2.39,1.0,29.05,32,0,4,0,19,0,Low
flow-synth-00387,Government,bulk_transfer_like,1379.33,88.67,93.43,128867.53,5.11,2.79,0.06,58.63,5478,4,2,1,67,0,Moderate
flow-synth-00388,Defence,icmp_like,80.59,3.23,0.99,79.55,994.44,0.96,1.0,51.77,51,0,2,1,24,0,Low
flow-synth-00389,Healthcare,video_like_udp,1337.7,48.26,60.11,80415.26,15.98,2.02,0.1,60.69,3648,12,2,1,84,1,High
flow-synth-00390,Healthcare,bulk_transfer_like,1394.41,55.18,118.57,165333.12,6.81,1.67,0.06,80.64,9561,10,2,0,73,0,Moderate
flow-synth-00391,Government,icmp_like,89.38,2.74,0.78,69.87,993.63,0.51,1.0,50.7,39,0,2,0,16,0,Low
flow-synth-00392,Defence,idle_keepalive,115.67,5.86,0.1,50.0,30231.47,13.86,1.0,45.89,10,0,2,0,30,0,Low
flow-synth-00393,Government,idle_keepalive,105.87,7.09,0.1,50.0,30019.81,5.45,1.0,29.71,10,0,2,0,16,0,Low
flow-synth-00394,Government,video_like_udp,1296.08,138.87,64.18,83187.6,16.05,2.15,0.07,94.05,6036,17,2,1,70,0,Moderate
flow-synth-00395,Healthcare,icmp_like,91.96,2.35,1.33,121.87,994.97,1.76,1.0,65.48,86,0,2,1,14,0,Low
flow-synth-00396,Government,icmp_like,82.41,1.73,1.0,82.46,1015.79,0.75,1.0,51.71,51,0,2,1,18,0,Low
flow-synth-00397,Government,video_like_udp,1313.65,50.89,61.74,81109.09,15.43,2.55,0.09,55.23,3409,12,4,0,86,1,High
flow-synth-00398,Healthcare,icmp_like,89.15,1.69,0.81,71.87,991.66,3.75,1.0,61.47,49,0,2,0,19,0,Low
flow-synth-00399,Healthcare,bulk_transfer_like,1344.86,105.65,223.51,300589.77,6.03,1.41,0.06,39.43,8812,11,4,0,56,0,Moderate
flow-synth-00400,Defence,bulk_transfer_like,1346.46,55.81,195.56,263312.83,5.8,1.98,0.06,48.42,9468,10,4,0,63,0,Moderate
flow-synth-00401,Healthcare,icmp_like,83.1,2.64,0.9,74.61,998.81,2.22,1.0,69.82,62,0,4,0,26,0,Low
flow-synth-00402,Defence,video_like_udp,1262.1,91.52,71.4,90109.46,11.78,2.46,0.12,51.77,3696,13,4,0,76,0,Moderate
flow-synth-00403,Healthcare,video_like_udp,1225.05,74.7,54.29,66510.83,18.42,1.74,0.12,69.47,3771,17,2,0,79,0,Moderate
flow-synth-00404,Defence,web_like,510.56,243.87,6.98,3564.82,40.81,14.38,0.46,69.4,484,2,2,1,46,0,Low
flow-synth-00405,Healthcare,idle_keepalive,129.53,6.9,0.1,50.0,29878.0,12.03,1.0,44.5,10,0,2,0,27,0,Low
flow-synth-00406,Government,web_like,579.95,230.78,23.03,13356.13,63.21,21.01,0.68,46.62,1073,2,2,0,39,0,Low
flow-synth-00407,Government,idle_keepalive,105.64,8.2,0.13,50.0,29832.8,13.82,1.0,93.96,11,0,4,0,16,0,Low
flow-synth-00408,Government,idle_keepalive,107.02,11.14,0.1,50.0,30105.04,6.59,1.0,39.96,10,0,4,0,18,0,Low
flow-synth-00409,Defence,idle_keepalive,108.71,5.07,0.1,50.0,30195.06,11.55,1.0,40.92,10,0,2,0,23,0,Low
flow-synth-00410,Government,bulk_transfer_like,1364.96,82.57,165.05,225285.2,4.5,2.14,0.08,50.68,8365,10,4,0,61,0,Moderate
flow-synth-00411,Government,icmp_like,88.96,1.3,1.45,129.28,1001.16,0.65,1.0,18.71,27,0,2,0,11,0,Low
flow-synth-00412,Healthcare,video_like_udp,1315.64,47.92,60.28,79302.32,16.47,1.89,0.14,89.39,5388,8,2,0,75,0,Moderate
flow-synth-00413,Defence,web_like,572.5,236.54,18.21,10422.9,49.04,15.62,0.33,77.89,1418,3,4,1,56,0,Low
flow-synth-00414,Healthcare,video_like_udp,1363.36,133.08,71.36,97284.3,19.16,0.97,0.1,39.0,2782,16,4,0,74,0,Moderate
flow-synth-00415,Government,bulk_transfer_like,1394.09,107.41,207.81,289702.65,5.84,1.51,0.05,84.99,17662,5,2,0,56,0,Moderate
flow-synth-00416,Government,web_like,430.01,200.51,24.63,10591.78,38.36,20.6,0.46,73.79,1817,4,4,0,57,0,Low
flow-synth-00417,Government,video_like_udp,1335.33,93.52,81.89,109354.51,17.93,2.05,0.17,51.62,4227,12,2,0,84,1,High
flow-synth-00418,Defence,web_like,541.37,324.74,10.65,5766.3,54.7,16.96,0.52,40.05,426,5,4,0,35,0,Low
flow-synth-00419,Defence,web_like,654.03,286.06,25.96,16977.7,43.34,18.91,0.58,83.21,2160,3,2,1,35,0,Low
flow-synth-00420,Government,bulk_transfer_like,1320.35,65.76,227.47,300339.64,7.22,1.96,0.08,83.3,18948,9,2,0,66,0,Moderate
flow-synth-00421,Healthcare,icmp_like,79.02,0.03,1.14,90.22,992.4,2.23,1.0,33.04,37,0,2,0,29,0,Low
flow-synth-00422,Government,bulk_transfer_like,1401.52,92.73,166.91,233922.99,4.12,2.21,0.08,78.49,13099,10,2,1,56,0,Moderate
flow-synth-00423,Government,idle_keepalive,96.58,11.01,0.1,50.0,29957.67,8.12,1.0,54.24,10,0,2,0,25,0,Low
flow-synth-00424,Government,video_like_udp,1240.22,90.4,44.37,55031.99,14.81,0.81,0.11,36.93,1638,9,4,0,84,1,High
flow-synth-00425,Government,web_like,665.1,223.54,16.5,10971.96,44.6,11.85,0.57,81.23,1339,2,2,0,36,0,Low
flow-synth-00426,Healthcare,icmp_like,84.0,3.08,1.15,96.52,1014.39,1.63,1.0,25.24,28,0,2,1,22,0,Low
flow-synth-00427,Defence,video_like_udp,1261.93,105.41,63.46,80083.08,13.64,2.36,0.21,44.99,2854,11,2,0,83,1,High
flow-synth-00428,Defence,icmp_like,83.82,1.93,0.97,81.07,1000.41,2.61,1.0,38.16,36,0,2,1,28,0,Low
flow-synth-00429,Healthcare,bulk_transfer_like,1397.56,98.28,118.17,165151.25,7.41,2.44,0.12,33.16,3918,8,4,1,58,0,Moderate
flow-synth-00430,Government,web_like,605.86,173.19,7.8,4723.69,51.71,15.75,0.38,39.47,307,2,2,1,58,0,Low
flow-synth-00431,Defence,video_like_udp,1341.5,70.88,80.28,107701.91,15.03,2.6,0.15,57.26,4597,14,2,0,77,0,Moderate
flow-synth-00432,Government,web_like,563.98,170.85,23.3,13138.34,46.06,16.91,0.33,69.16,1611,5,2,0,43,0,Low
flow-synth-00433,Healthcare,idle_keepalive,105.3,5.69,0.1,50.0,29641.22,5.93,1.0,43.78,10,0,4,1,29,0,Low
flow-synth-00434,Government,bulk_transfer_like,1459.83,60.58,90.28,131795.65,7.4,1.75,0.07,52.84,4770,5,2,0,64,0,Moderate
flow-synth-00435,Government,icmp_like,84.73,0.29,0.83,70.52,994.96,1.84,1.0,61.54,51,0,2,0,13,0,Low
flow-synth-00436,Defence,web_like,778.16,257.62,25.7,19999.07,54.32,24.64,0.32,62.48,1605,3,4,0,49,0,Low
flow-synth-00437,Defence,video_like_udp,1240.41,89.89,72.04,89358.46,14.06,1.58,0.11,37.01,2666,11,2,0,69,0,Moderate
flow-synth-00438,Defence,bulk_transfer_like,1382.75,109.78,270.86,374529.3,5.01,2.39,0.1,36.65,9925,8,2,1,61,0,Moderate
flow-synth-00439,Government,web_like,669.61,271.67,11.36,7609.85,40.29,26.44,0.46,50.22,570,3,4,0,56,0,Low
flow-synth-00440,Government,icmp_like,87.36,1.64,0.61,53.62,1008.7,1.76,1.0,61.38,37,0,2,0,21,0,Low
flow-synth-00441,Defence,web_like,554.48,186.42,22.13,12268.07,51.69,16.24,0.18,32.52,719,4,2,0,55,0,Low
flow-synth-00442,Healthcare,icmp_like,82.92,2.03,0.65,54.15,999.43,2.59,1.0,57.78,37,0,4,0,25,0,Low
flow-synth-00443,Defence,bulk_transfer_like,1365.46,75.33,178.37,243554.04,5.01,2.09,0.09,68.54,12225,8,4,0,64,0,Moderate
flow-synth-00444,Defence,video_like_udp,1319.56,82.29,42.23,55730.57,17.08,2.02,0.09,80.6,3404,10,4,0,70,0,Moderate
flow-synth-00445,Government,bulk_transfer_like,1344.99,63.42,155.13,208650.42,5.22,2.09,0.08,51.41,7974,11,2,1,67,0,Moderate
flow-synth-00446,Defence,bulk_transfer_like,1336.82,73.55,74.04,98973.17,7.12,2.65,0.03,27.25,2017,11,2,0,71,0,Moderate
flow-synth-00447,Healthcare,web_like,553.16,222.77,25.05,13855.54,37.99,11.93,0.28,62.04,1554,5,4,0,54,0,Low
flow-synth-00448,Government,web_like,522.52,193.26,20.23,10572.98,59.4,23.72,0.67,61.05,1235,5,2,0,43,0,Low
flow-synth-00449,Healthcare,icmp_like,85.96,0.71,0.99,85.32,1001.38,1.58,1.0,70.23,69,0,2,1,27,0,Low
flow-synth-00450,Defence,web_like,752.87,242.62,23.62,17779.17,39.8,15.86,0.58,47.45,1120,4,2,0,36,0,Low
flow-synth-00451,Government,icmp_like,86.01,1.65,0.9,77.48,1005.96,0.78,1.0,25.96,23,0,2,1,28,0,Low
flow-synth-00452,Defence,icmp_like,88.88,1.12,1.34,119.32,982.52,2.35,1.0,69.51,93,0,2,0,26,0,Low
flow-synth-00453,Government,idle_keepalive,111.74,12.16,0.13,50.0,30307.09,8.0,1.0,62.08,10,0,2,0,30,0,Low
flow-synth-00454,Healthcare,bulk_transfer_like,1282.15,117.67,170.22,218250.17,4.3,1.29,0.05,74.71,12717,10,2,0,65,0,Moderate
flow-synth-00455,Healthcare,video_like_udp,1362.92,90.55,69.2,94312.5,17.09,1.19,0.1,39.93,2762,19,4,0,82,1,High
flow-synth-00456,Defence,idle_keepalive,117.25,4.66,0.1,50.0,29978.57,13.55,1.0,43.6,10,0,4,0,22,0,Low
flow-synth-00457,Government,web_like,511.16,307.66,20.81,10639.81,34.66,28.86,0.18,23.2,482,2,4,0,31,0,Low
flow-synth-00458,Defence,video_like_udp,1278.39,111.01,65.23,83390.12,15.37,1.15,0.13,44.86,2926,8,2,1,84,1,High
flow-synth-00459,Defence,idle_keepalive,128.69,2.98,0.1,50.0,30009.96,12.81,1.0,63.7,10,0,2,1,16,0,Low
flow-synth-00460,Healthcare,web_like,669.45,229.38,11.72,7848.79,52.07,13.04,0.22,70.35,824,2,2,0,31,0,Low
flow-synth-00461,Healthcare,video_like_udp,1251.62,66.98,43.81,54836.76,18.8,2.64,0.14,43.79,1918,17,2,0,84,1,High
flow-synth-00462,Government,bulk_transfer_like,1348.56,80.83,229.27,309185.07,3.53,2.7,0.07,39.41,9034,8,2,0,63,0,Moderate
flow-synth-00463,Defence,web_like,440.07,236.48,8.57,3771.43,53.87,25.56,0.43,62.84,538,2,2,0,42,0,Low
flow-synth-00464,Defence,bulk_transfer_like,1342.11,73.68,123.68,165986.85,6.8,1.01,0.05,44.4,5491,7,4,1,63,0,Moderate
flow-synth-00465,Government,web_like,659.02,156.02,20.68,13627.37,42.41,18.67,0.37,67.92,1404,4,2,0,34,0,Low
flow-synth-00466,Healthcare,icmp_like,87.04,3.05,0.98,85.38,1004.17,2.31,1.0,43.57,42,0,4,1,22,0,Low
flow-synth-00467,Defence,icmp_like,91.7,0.95,0.84,76.77,1013.84,1.7,1.0,50.99,42,0,2,0,29,0,Low
flow-synth-00468,Healthcare,idle_keepalive,107.49,9.53,0.1,50.0,29873.45,11.79,1.0,47.31,10,0,2,0,23,0,Low
flow-synth-00469,Healthcare,bulk_transfer_like,1420.36,66.14,119.67,169978.54,4.11,2.09,0.06,43.78,5239,11,2,0,73,0,Moderate
flow-synth-00470,Healthcare,video_like_udp,1224.3,101.47,66.13,80959.62,17.17,1.58,0.14,71.02,4696,16,2,0,70,0,Moderate
flow-synth-00471,Government,icmp_like,85.33,2.14,0.77,65.97,1012.3,3.78,1.0,60.18,46,0,2,1,28,0,Low
flow-synth-00472,Government,web_like,496.84,203.02,17.34,8617.75,40.69,11.44,0.51,52.15,904,4,2,0,37,0,Low
flow-synth-00473,Government,idle_keepalive,130.38,9.26,0.12,50.0,30006.79,10.51,1.0,37.14,10,0,2,1,22,0,Low
flow-synth-00474,Government,video_like_udp,1321.01,93.38,64.73,85507.18,15.75,1.72,0.17,58.33,3775,19,2,0,87,1,High
flow-synth-00475,Healthcare,bulk_transfer_like,1375.25,73.32,126.21,173575.87,5.75,2.15,0.13,85.51,10792,10,2,0,71,0,Moderate
flow-synth-00476,Healthcare,bulk_transfer_like,1353.17,90.67,213.58,289008.95,6.96,2.73,0.11,53.7,11468,11,2,1,74,0,Moderate
flow-synth-00477,Healthcare,bulk_transfer_like,1350.06,61.44,182.91,246937.67,5.72,1.27,0.1,61.2,11194,6,2,0,69,0,Moderate
flow-synth-00478,Healthcare,bulk_transfer_like,1375.64,83.78,113.03,155492.3,5.06,1.88,0.06,59.18,6689,11,2,1,60,0,Moderate
flow-synth-00479,Government,web_like,523.39,184.44,3.05,1594.27,25.24,18.53,0.56,84.83,258,5,2,0,50,0,Low
flow-synth-00480,Healthcare,idle_keepalive,114.77,6.32,0.11,50.0,30040.47,11.63,1.0,77.17,10,0,2,1,20,0,Low
flow-synth-00481,Healthcare,web_like,488.51,254.55,8.44,4122.78,55.57,17.6,0.42,41.09,346,3,4,1,51,0,Low
flow-synth-00482,Defence,bulk_transfer_like,1327.84,90.43,192.87,256096.58,5.7,1.5,0.07,62.55,12064,7,2,1,72,0,Moderate
flow-synth-00483,Defence,idle_keepalive,116.65,6.05,0.12,50.0,30056.61,10.51,1.0,75.25,10,0,2,1,30,0,Low
flow-synth-00484,Defence,icmp_like,80.74,2.79,0.71,57.73,999.06,1.34,1.0,98.09,70,0,2,1,26,0,Low
flow-synth-00485,Defence,web_like,473.41,255.54,24.22,11467.85,39.45,27.03,0.4,65.93,1597,3,4,0,36,0,Low
flow-synth-00486,Defence,bulk_transfer_like,1323.41,96.47,189.03,250165.63,5.52,1.51,0.12,31.58,5969,6,2,0,69,0,Moderate
flow-synth-00487,Defence,video_like_udp,1254.14,81.87,74.3,93181.36,13.47,1.41,0.13,33.48,2487,14,2,0,67,0,Moderate
flow-synth-00488,Defence,web_like,441.14,129.88,26.11,11518.68,62.3,15.26,0.54,78.18,2041,3,2,0,52,0,Low
flow-synth-00489,Government,web_like,590.53,219.32,27.56,16273.82,30.47,10.82,0.66,56.63,1560,5,2,0,41,0,Low
flow-synth-00490,Government,web_like,452.67,99.02,21.42,9697.89,39.11,18.06,0.59,61.74,1322,2,2,0,54,0,Low
flow-synth-00491,Healthcare,idle_keepalive,157.34,7.32,0.15,50.0,30328.4,12.26,1.0,60.69,10,0,4,0,32,0,Low
flow-synth-00492,Government,idle_keepalive,90.47,9.31,0.12,50.0,29801.23,11.26,1.0,47.33,10,0,2,1,20,0,Low
flow-synth-00493,Government,video_like_udp,1313.22,78.02,55.76,73221.55,17.19,2.03,0.13,46.94,2617,9,2,0,87,1,High
flow-synth-00494,Defence,idle_keepalive,120.48,10.58,0.1,50.0,30466.75,14.71,1.0,57.44,10,0,4,0,17,0,Low
flow-synth-00495,Government,bulk_transfer_like,1342.88,73.38,191.16,256704.82,6.53,1.35,0.05,40.6,7760,11,4,1,60,0,Moderate
flow-synth-00496,Government,bulk_transfer_like,1342.11,104.75,195.19,261967.38,4.34,1.91,0.06,45.8,8940,5,2,1,73,0,Moderate
flow-synth-00497,Government,icmp_like,88.73,3.67,0.8,71.25,1014.05,1.61,1.0,70.67,56,0,2,0,23,0,Low
flow-synth-00498,Healthcare,bulk_transfer_like,1260.93,34.03,193.32,243762.63,2.69,1.31,0.07,69.02,13342,7,4,0,55,0,Moderate
flow-synth-00499,Government,bulk_transfer_like,1391.84,65.96,170.51,237321.45,5.76,1.26,0.09,31.38,5350,11,4,0,59,0,Moderate
flow-synth-00500,Healthcare,video_like_udp,1264.07,122.06,71.21,90010.4,14.43,1.41,0.11,92.98,6620,9,2,0,80,0,Moderate
flow-synth-00501,Defence,icmp_like,86.51,1.66,0.69,59.62,995.75,1.82,1.0,50.6,34,0,2,1,26,0,Low
flow-synth-00502,Defence,bulk_transfer_like,1340.69,75.08,203.83,273270.72,7.09,1.71,0.09,57.28,11675,7,2,0,69,0,Moderate
flow-synth-00503,Defence,icmp_like,83.04,0.33,1.15,95.39,991.67,1.89,1.0,75.74,87,0,2,1,23,0,Low
flow-synth-00504,Government,bulk_transfer_like,1357.12,90.73,92.15,125064.92,5.31,2.19,0.11,49.18,4531,4,2,0,66,0,Moderate
flow-synth-00505,Defence,icmp_like,88.27,3.15,0.96,84.4,1011.94,1.56,1.0,71.2,68,0,2,0,16,0,Low
flow-synth-00506,Healthcare,web_like,317.91,195.22,23.67,7523.97,40.1,14.3,0.25,108.01,2556,3,4,1,45,0,Low
flow-synth-00507,Government,web_like,771.27,199.75,21.27,16406.93,39.03,15.6,0.78,43.12,917,2,2,1,42,0,Low
flow-synth-00508,Defence,icmp_like,82.98,0.36,1.14,94.78,1012.27,2.36,1.0,61.2,69,0,4,0,26,0,Low
flow-synth-00509,Healthcare,bulk_transfer_like,1402.73,59.72,213.92,300067.88,4.26,2.01,0.1,36.25,7754,9,2,0,70,0,Moderate
flow-synth-00510,Defence,idle_keepalive,102.31,8.34,0.12,50.0,30305.61,12.66,1.0,75.22,10,0,2,0,18,0,Low
flow-synth-00511,Healthcare,idle_keepalive,94.13,6.52,0.1,50.0,30146.69,6.01,1.0,59.77,10,0,2,1,32,0,Low
flow-synth-00512,Healthcare,icmp_like,88.03,1.45,0.67,59.06,1015.06,2.93,1.0,58.25,39,0,4,1,15,0,Low
flow-synth-00513,Defence,bulk_transfer_like,1380.59,72.37,170.64,235582.41,4.69,1.41,0.11,66.29,11311,6,2,0,59,0,Moderate
flow-synth-00514,Government,icmp_like,91.35,0.83,1.1,100.86,1006.3,0.5,1.0,62.68,69,0,4,1,17,0,Low
flow-synth-00515,Healthcare,icmp_like,84.96,0.91,0.82,69.74,990.52,2.48,1.0,86.29,70,0,2,1,23,0,Low
flow-synth-00516,Healthcare,bulk_transfer_like,1365.93,82.58,172.95,236231.0,5.41,2.92,0.11,80.24,13876,4,2,1,58,0,Moderate
flow-synth-00517,Defence,web_like,430.09,218.79,26.93,11580.2,34.49,14.72,0.25,55.01,1481,4,2,1,54,0,Low
flow-synth-00518,Healthcare,bulk_transfer_like,1472.57,38.84,194.25,286045.54,3.81,2.15,0.06,70.14,13624,8,4,0,64,0,Moderate
flow-synth-00519,Government,video_like_udp,1376.17,75.63,47.11,64828.96,14.66,0.81,0.15,60.09,2830,14,2,1,84,1,High
flow-synth-00520,Government,idle_keepalive,132.3,10.37,0.1,50.0,29994.05,8.36,1.0,62.77,10,0,2,0,26,0,Low
flow-synth-00521,Defence,icmp_like,81.98,1.82,0.91,74.52,988.16,3.01,1.0,32.66,29,0,2,0,15,0,Low
flow-synth-00522,Defence,bulk_transfer_like,1386.67,25.91,154.8,214662.23,4.91,2.48,0.08,31.89,4936,7,4,1,64,0,Moderate
flow-synth-00523,Healthcare,video_like_udp,1285.91,78.15,75.78,97440.45,15.17,1.54,0.06,103.4,7835,9,2,1,84,1,High
flow-synth-00524,Defence,web_like,383.39,135.93,30.27,11604.87,33.86,16.09,0.28,54.8,1658,5,4,1,46,0,Low
flow-synth-00525,Government,icmp_like,85.12,3.02,0.79,67.0,1009.95,1.42,1.0,102.97,81,0,4,1,28,0,Low
flow-synth-00526,Defence,icmp_like,81.41,1.18,0.81,65.94,998.01,2.15,1.0,34.62,28,0,2,1,22,0,Low
flow-synth-00527,Government,bulk_transfer_like,1312.14,66.11,141.8,186061.47,5.54,2.32,0.09,87.4,12393,7,2,1,72,0,Moderate
flow-synth-00528,Defence,web_like,360.38,219.41,19.68,7092.05,43.49,22.26,0.43,39.8,783,5,2,1,38,0,Low
flow-synth-00529,Healthcare,web_like,645.82,200.52,30.0,19374.04,45.35,12.29,0.45,75.27,2258,3,4,0,44,0,Low
flow-synth-00530,Healthcare,bulk_transfer_like,1410.73,61.71,156.96,221431.58,5.3,3.07,0.1,33.52,5261,8,2,0,70,0,Moderate
flow-synth-00531,Healthcare,web_like,499.24,145.85,20.83,10396.92,47.62,17.18,0.46,67.97,1415,4,4,0,33,0,Low
flow-synth-00532,Government,video_like_udp,1301.86,57.19,55.01,71610.53,15.61,1.52,0.19,35.43,1949,19,2,0,67,0,Moderate
flow-synth-00533,Healthcare,web_like,419.15,266.82,23.09,9679.12,44.66,25.41,0.25,72.99,1685,5,2,0,34,0,Low
flow-synth-00534,Healthcare,idle_keepalive,132.17,7.68,0.1,50.0,29803.92,6.73,1.0,39.88,10,0,2,1,18,0,Low
flow-synth-00535,Government,bulk_transfer_like,1283.08,93.03,127.24,163255.96,6.68,2.34,0.09,93.31,11872,4,2,1,56,0,Moderate
flow-synth-00536,Government,bulk_transfer_like,1333.53,108.36,136.63,182202.75,8.04,1.6,0.1,55.15,7534,7,2,1,74,0,Moderate
flow-synth-00537,Government,video_like_udp,1185.5,83.63,53.6,63545.07,14.38,1.73,0.16,64.15,3438,14,2,0,81,1,High
flow-synth-00538,Healthcare,bulk_transfer_like,1409.7,67.97,171.75,242120.04,5.02,1.18,0.1,54.36,9337,4,2,1,62,0,Moderate
flow-synth-00539,Government,web_like,550.83,216.16,23.66,13033.33,42.8,1.72,0.44,69.67,1648,5,4,0,54,0,Low
flow-synth-00540,Government,video_like_udp,1299.07,102.79,48.81,63408.54,10.34,1.99,0.12,44.68,2181,13,2,0,81,1,High
flow-synth-00541,Government,idle_keepalive,119.48,3.6,0.14,50.0,29950.04,10.96,1.0,22.76,10,0,4,1,34,0,Low
flow-synth-00542,Defence,idle_keepalive,121.68,10.29,0.1,50.0,29809.75,8.19,1.0,79.73,10,0,4,1,18,0,Low
flow-synth-00543,Defence,web_like,461.68,148.29,22.71,10487.11,36.19,12.2,0.37,69.83,1586,3,2,0,39,0,Low
flow-synth-00544,Government,bulk_transfer_like,1342.58,77.05,114.77,154091.52,5.1,2.9,0.05,85.57,9821,8,2,1,62,0,Moderate
flow-synth-00545,Government,video_like_udp,1312.68,111.89,62.67,82270.42,11.99,1.62,0.08,63.09,3954,15,2,0,65,0,Moderate
flow-synth-00546,Government,video_like_udp,1349.61,103.16,72.96,98471.25,15.64,1.77,0.18,60.22,4393,19,2,0,80,0,Moderate
flow-synth-00547,Government,video_like_udp,1308.05,51.46,60.29,78858.94,12.31,2.1,0.09,28.57,1722,8,2,0,77,0,Moderate
flow-synth-00548,Healthcare,web_like,552.16,184.95,27.95,15434.23,7.74,12.86,0.23,56.81,1587,2,2,0,31,0,Low
flow-synth-00549,Healthcare,web_like,587.31,243.88,25.17,14783.74,38.15,18.15,0.35,27.15,683,5,4,0,48,0,Low
flow-synth-00550,Defence,video_like_udp,1296.22,49.9,40.08,51953.18,17.29,1.8,0.17,49.65,1989,15,2,0,73,0,Moderate
flow-synth-00551,Defence,video_like_udp,1265.09,81.7,61.34,77603.48,13.91,1.99,0.13,66.9,4104,14,2,1,81,1,High
flow-synth-00552,Defence,bulk_transfer_like,1367.98,38.0,156.01,213412.09,6.82,1.56,0.1,48.88,7625,8,2,0,55,0,Moderate
flow-synth-00553,Defence,video_like_udp,1259.4,83.14,59.3,74687.68,18.03,1.82,0.13,50.86,3016,18,2,0,71,0,Moderate
flow-synth-00554,Healthcare,bulk_transfer_like,1343.8,90.48,211.16,283751.71,5.39,1.44,0.13,70.74,14937,7,4,0,60,0,Moderate
flow-synth-00555,Government,bulk_transfer_like,1289.31,67.02,195.08,251513.55,6.83,3.41,0.14,62.88,12265,10,4,1,74,0,Moderate
flow-synth-00556,Government,web_like,619.32,196.88,21.3,13190.77,37.79,14.55,0.35,68.25,1453,2,4,0,35,0,Low
flow-synth-00557,Government,idle_keepalive,110.96,8.17,0.15,50.0,30024.43,14.55,1.0,83.19,12,0,2,0,26,0,Low
flow-synth-00558,Defence,web_like,647.04,178.84,25.63,16581.0,36.51,19.11,0.63,72.11,1847,3,2,0,31,0,Low
flow-synth-00559,Healthcare,bulk_transfer_like,1353.74,104.1,162.3,219716.62,5.09,1.76,0.05,38.9,6313,10,2,0,67,0,Moderate
flow-synth-00560,Healthcare,bulk_transfer_like,1365.68,60.31,148.3,202529.37,4.99,1.28,0.05,74.07,10984,6,2,0,60,0,Moderate
flow-synth-00561,Defence,bulk_transfer_like,1331.65,94.64,172.12,229207.57,4.94,2.13,0.03,62.03,10677,11,2,0,67,0,Moderate
flow-synth-00562,Healthcare,icmp_like,84.42,3.39,0.79,66.77,996.04,1.86,1.0,47.64,37,0,2,1,18,0,Low
flow-synth-00563,Defence,web_like,482.46,203.4,32.66,15757.97,55.68,32.99,0.06,41.51,1355,3,2,1,45,0,Low
flow-synth-00564,Government,web_like,554.36,141.66,17.56,9735.4,48.59,28.64,0.46,59.05,1036,4,4,0,37,0,Low
flow-synth-00565,Healthcare,bulk_transfer_like,1340.0,88.11,172.31,230896.71,5.91,1.59,0.08,47.18,8129,7,2,0,61,0,Moderate
flow-synth-00566,Defence,video_like_udp,1259.62,49.16,58.97,74274.98,13.87,1.05,0.16,66.15,3900,13,2,0,84,1,High
flow-synth-00567,Healthcare,bulk_transfer_like,1322.89,85.53,227.82,301380.33,4.78,3.36,0.06,60.65,13816,9,2,1,59,0,Moderate
flow-synth-00568,Healthcare,icmp_like,77.03,1.45,0.78,60.21,1001.35,2.8,1.0,72.92,56,0,2,0,10,0,Low
flow-synth-00569,Government,idle_keepalive,122.87,6.21,0.19,50.0,29707.11,6.36,1.0,77.39,14,0,2,1,19,0,Low
flow-synth-00570,Government,idle_keepalive,133.33,8.72,0.11,50.0,30221.61,8.78,1.0,47.66,10,0,2,0,20,0,Low
flow-synth-00571,Healthcare,icmp_like,88.68,1.59,0.99,87.84,1004.8,4.21,1.0,65.37,64,0,4,0,28,0,Low
flow-synth-00572,Healthcare,bulk_transfer_like,1298.19,31.74,198.74,258006.17,7.08,1.06,0.05,69.75,13861,5,4,0,58,0,Moderate
flow-synth-00573,Defence,video_like_udp,1333.6,73.02,67.49,89999.03,15.35,2.22,0.12,52.3,3529,9,2,0,76,0,Moderate
flow-synth-00574,Defence,web_like,672.39,223.73,23.07,15515.0,55.68,13.83,0.17,72.8,1679,2,4,1,46,0,Low
flow-synth-00575,Defence,web_like,512.49,232.94,29.83,15285.58,29.2,24.61,0.38,50.6,1509,4,2,1,56,0,Low
flow-synth-00576,Defence,web_like,587.2,181.33,32.8,19261.54,41.78,18.05,0.66,45.31,1486,3,2,1,56,0,Low
flow-synth-00577,Government,web_like,317.82,162.19,33.88,10768.65,50.64,9.9,0.77,66.54,2254,3,2,0,54,0,Low
flow-synth-00578,Government,icmp_like,94.06,2.82,1.22,114.91,1008.05,2.51,1.0,67.89,82,0,2,0,22,0,Low
flow-synth-00579,Defence,idle_keepalive,137.25,8.59,0.14,50.0,30057.75,6.53,1.0,33.34,10,0,2,0,27,0,Low
flow-synth-00580,Government,icmp_like,88.75,3.85,1.17,103.72,1011.63,1.54,1.0,36.87,43,0,4,0,23,0,Low
flow-synth-00581,Defence,idle_keepalive,135.82,6.42,0.1,50.0,30039.26,3.57,1.0,63.51,10,0,4,0,17,0,Low
flow-synth-00582,Healthcare,icmp_like,77.45,2.94,1.21,93.99,1005.54,1.97,1.0,101.22,122,0,2,1,25,0,Low
flow-synth-00583,Government,video_like_udp,1256.21,93.27,70.56,88637.62,16.98,2.08,0.07,50.78,3583,17,2,1,77,0,Moderate
flow-synth-00584,Government,icmp_like,82.51,2.0,1.32,109.27,987.63,2.54,1.0,22.42,29,0,2,0,25,0,Low
flow-synth-00585,Defence,video_like_udp,1326.55,94.37,76.76,101825.52,12.27,1.65,0.11,65.4,5020,9,4,1,73,0,Moderate
flow-synth-00586,Defence,video_like_udp,1213.74,108.6,83.12,100882.02,16.55,1.85,0.06,48.53,4033,19,4,0,67,0,Moderate
flow-synth-00587,Defence,web_like,509.59,264.34,21.17,10786.19,28.28,21.25,0.6,34.78,736,3,2,0,31,0,Low
flow-synth-00588,Healthcare,web_like,669.81,255.77,12.9,8638.63,51.17,17.68,0.32,84.35,1087,5,2,0,57,0,Low
flow-synth-00589,Defence,video_like_udp,1292.73,122.26,76.0,98245.87,13.42,2.2,0.11,62.76,4769,10,2,0,69,0,Moderate
flow-synth-00590,Government,web_like,516.48,262.51,11.92,6155.16,41.31,18.81,0.28,73.77,879,3,2,0,39,0,Low
flow-synth-00591,Healthcare,bulk_transfer_like,1356.43,70.42,271.73,368581.06,5.05,2.47,0.04,38.2,10379,5,2,0,69,0,Moderate
flow-synth-00592,Defence,video_like_udp,1352.49,59.35,66.78,90323.5,14.99,2.15,0.07,42.07,2809,10,4,0,82,1,High
flow-synth-00593,Government,bulk_transfer_like,1369.87,95.84,157.17,215308.25,6.52,1.36,0.12,60.28,9474,9,2,1,59,0,Moderate
flow-synth-00594,Government,idle_keepalive,112.4,6.3,0.1,50.0,29900.25,8.65,1.0,83.31,10,0,2,1,23,0,Low
flow-synth-00595,Healthcare,bulk_transfer_like,1307.04,116.41,157.34,205654.67,6.5,2.23,0.05,56.64,8911,5,2,0,72,0,Moderate
flow-synth-00596,Government,icmp_like,76.26,2.16,0.88,66.74,1000.0,3.32,1.0,26.14,22,0,2,0,15,0,Low
flow-synth-00597,Government,icmp_like,86.78,2.1,0.93,80.92,996.06,2.73,1.0,55.68,51,0,2,1,26,0,Low
flow-synth-00598,Healthcare,bulk_transfer_like,1402.19,112.7,232.47,325963.12,4.19,1.95,0.07,69.79,16222,5,4,0,65,0,Moderate
flow-synth-00599,Healthcare,idle_keepalive,106.86,10.3,0.1,50.0,30004.49,9.2,1.0,80.73,10,0,4,1,29,0,Low
flow-synth-00600,Defence,icmp_like,84.62,2.52,1.2,101.85,973.81,2.51,1.0,44.78,53,0,4,0,18,0,Low
flow-synth-00601,Government,web_like,412.94,193.2,17.61,7271.2,18.23,18.78,0.29,46.93,826,2,4,0,51,0,Low
flow-synth-00602,Defence,video_like_udp,1283.01,87.81,65.3,83784.16,16.12,2.06,0.01,67.33,4396,8,2,0,70,0,Moderate
flow-synth-00603,Healthcare,idle_keepalive,130.6,7.2,0.15,50.0,30135.69,7.84,1.0,64.08,10,0,4,0,20,0,Low
flow-synth-00604,Government,bulk_transfer_like,1353.69,105.28,209.82,284028.49,5.47,2.57,0.09,33.6,7049,11,4,0,61,0,Moderate
flow-synth-00605,Defence,web_like,521.16,199.99,23.12,12048.85,56.02,17.37,0.36,41.27,954,3,2,0,53,0,Low
flow-synth-00606,Government,video_like_udp,1260.85,119.08,78.14,98526.37,17.33,0.91,0.09,69.36,5420,19,2,0,69,0,Moderate
flow-synth-00607,Healthcare,web_like,537.78,210.87,16.43,8835.18,41.18,15.9,0.43,29.88,490,4,2,0,52,0,Low
flow-synth-00608,Healthcare,web_like,589.16,225.54,20.74,12221.0,43.44,13.2,0.36,79.03,1639,5,2,0,48,0,Low
flow-synth-00609,Defence,web_like,597.96,202.37,22.41,13402.91,48.12,25.64,0.42,50.62,1134,3,2,0,47,0,Low
flow-synth-00610,Government,web_like,681.39,184.98,20.81,14181.49,56.92,17.26,0.49,79.11,1646,5,2,1,41,0,Low
flow-synth-00611,Defence,idle_keepalive,119.42,6.78,0.12,50.0,30081.93,11.07,1.0,20.46,10,0,2,1,23,0,Low
flow-synth-00612,Government,bulk_transfer_like,1408.79,84.59,178.09,250893.38,5.78,4.04,0.11,39.09,6961,6,4,0,57,0,Moderate
flow-synth-00613,Defence,bulk_transfer_like,1365.5,68.92,195.19,266536.92,5.34,2.27,0.1,43.74,8538,8,4,0,60,0,Moderate
flow-synth-00614,Defence,bulk_transfer_like,1376.35,65.53,206.51,284231.35,6.68,1.77,0.11,62.3,12865,6,2,0,66,0,Moderate
flow-synth-00615,Defence,icmp_like,80.99,2.19,1.25,101.39,1006.86,0.74,1.0,71.41,89,0,4,0,24,0,Low
flow-synth-00616,Healthcare,video_like_udp,1294.48,72.48,70.26,90955.92,16.4,2.83,0.13,82.08,5767,9,4,0,84,1,High
flow-synth-00617,Defence,idle_keepalive,116.16,7.53,0.1,50.0,29893.05,10.88,1.0,48.18,10,0,2,0,27,0,Low
flow-synth-00618,Government,web_like,571.71,173.06,14.73,8420.1,50.51,21.71,0.2,23.41,344,2,2,0,57,0,Low
flow-synth-00619,Healthcare,web_like,494.68,138.67,23.01,11384.41,29.87,19.53,0.57,57.72,1328,2,4,0,54,0,Low
flow-synth-00620,Defence,web_like,388.09,155.0,13.21,5128.37,71.76,23.16,0.31,82.17,1085,3,2,0,52,0,Low
flow-synth-00621,Government,bulk_transfer_like,1340.05,76.78,265.53,355821.43,7.08,2.18,0.09,58.66,15576,6,4,1,60,0,Moderate
flow-synth-00622,Healthcare,bulk_transfer_like,1425.46,65.33,167.62,238935.48,4.44,1.79,0.02,52.29,8764,11,2,0,61,0,Moderate
flow-synth-00623,Defence,video_like_udp,1304.31,46.27,43.5,56732.79,17.08,2.05,0.12,42.79,1861,11,4,0,80,0,Moderate
flow-synth-00624,Defence,web_like,450.79,273.3,21.94,9890.21,49.95,12.42,0.39,53.27,1168,3,2,0,36,0,Low
flow-synth-00625,Defence,video_like_udp,1317.82,47.15,70.59,93031.17,13.99,1.95,0.11,62.88,4438,17,2,1,74,0,Moderate
flow-synth-00626,Government,idle_keepalive,93.89,7.07,0.1,50.0,30044.09,7.01,1.0,25.84,10,0,2,0,34,0,Low
flow-synth-00627,Healthcare,idle_keepalive,124.99,10.01,0.14,50.0,29924.33,10.44,1.0,81.96,11,0,2,0,17,0,Low
flow-synth-00628,Healthcare,icmp_like,82.48,2.28,1.2,99.16,994.24,2.27,1.0,43.31,52,0,2,0,24,0,Low
flow-synth-00629,Government,video_like_udp,1207.54,101.19,80.01,96619.08,15.2,1.36,0.13,71.78,5743,17,2,1,83,1,High
flow-synth-00630,Government,bulk_transfer_like,1261.98,69.41,157.53,198795.14,6.08,0.53,0.16,62.21,9798,6,4,1,63,0,Moderate
flow-synth-00631,Government,bulk_transfer_like,1387.75,67.27,182.28,252955.76,4.69,2.35,0.07,65.37,11916,7,4,0,72,0,Moderate
flow-synth-00632,Healthcare,web_like,600.39,222.99,23.36,14024.55,33.56,19.87,0.19,52.42,1224,2,2,1,55,0,Low
flow-synth-00633,Government,idle_keepalive,91.96,6.34,0.1,50.0,29631.0,12.36,1.0,33.2,10,0,4,0,29,0,Low
flow-synth-00634,Government,web_like,587.54,182.74,31.74,18650.17,53.93,26.24,0.27,69.51,2206,2,2,0,47,0,Low
flow-synth-00635,Healthcare,web_like,493.28,230.0,25.61,12631.99,36.93,22.5,0.37,43.56,1115,3,2,0,39,0,Low
flow-synth-00636,Defence,web_like,405.88,187.22,23.01,9338.39,29.23,17.94,0.15,37.6,865,2,2,0,30,0,Low
flow-synth-00637,Defence,idle_keepalive,113.52,8.76,0.1,50.0,29709.89,11.14,1.0,51.1,10,0,2,1,22,0,Low
flow-synth-00638,Healthcare,web_like,485.38,163.86,26.14,12689.21,32.12,14.89,0.6,62.25,1627,4,2,1,35,0,Low
flow-synth-00639,Healthcare,idle_keepalive,132.85,7.16,0.1,50.0,30084.19,13.0,1.0,23.23,10,0,2,0,25,0,Low
flow-synth-00640,Defence,icmp_like,78.58,0.88,1.13,88.81,1007.25,1.29,1.0,71.75,81,0,4,0,18,0,Low
flow-synth-00641,Healthcare,bulk_transfer_like,1423.64,88.95,159.95,227711.87,4.96,2.24,0.04,57.13,9138,11,2,0,62,0,Moderate
flow-synth-00642,Defence,bulk_transfer_like,1348.18,61.87,177.1,238768.64,6.73,1.27,0.08,52.29,9261,5,2,1,65,0,Moderate
flow-synth-00643,Government,idle_keepalive,133.21,10.4,0.14,50.0,30247.06,9.48,1.0,34.82,10,0,2,0,26,0,Low
flow-synth-00644,Healthcare,web_like,626.57,250.95,20.77,13015.46,47.87,15.26,0.63,67.31,1398,4,4,0,49,0,Low
flow-synth-00645,Government,web_like,575.95,154.43,22.43,12921.19,54.72,17.69,0.48,70.46,1580,5,2,1,52,0,Low
flow-synth-00646,Government,bulk_transfer_like,1354.24,96.02,164.31,222518.68,5.11,2.6,0.09,51.77,8505,9,2,0,65,0,Moderate
flow-synth-00647,Government,web_like,423.05,226.59,25.36,10727.33,76.13,24.52,0.45,95.26,2415,2,2,1,44,0,Low
flow-synth-00648,Government,video_like_udp,1273.77,67.24,51.08,65068.7,16.15,1.13,0.1,55.0,2809,13,2,0,83,1,High
flow-synth-00649,Healthcare,bulk_transfer_like,1495.66,92.53,153.25,229210.1,5.23,1.57,0.01,74.23,11375,4,4,1,71,0,Moderate
flow-synth-00650,Defence,video_like_udp,1435.65,115.2,55.52,79706.1,14.75,1.57,0.05,53.4,2964,15,4,1,67,0,Moderate
flow-synth-00651,Healthcare,web_like,687.88,261.73,21.51,14795.65,56.73,16.96,0.35,91.97,1978,4,2,1,53,0,Low
flow-synth-00652,Defence,video_like_udp,1316.68,95.22,61.62,81137.83,15.75,1.54,0.04,100.84,6214,14,2,0,87,1,High
flow-synth-00653,Government,icmp_like,83.77,1.26,0.96,80.65,984.01,3.82,1.0,35.31,33,0,2,1,24,0,Low
flow-synth-00654,Healthcare,video_like_udp,1280.7,63.45,68.91,88253.82,17.58,2.05,0.11,72.24,4977,18,4,0,77,0,Moderate
flow-synth-00655,Defence,web_like,720.19,251.72,34.9,25133.9,45.72,21.13,0.44,60.09,2096,4,4,0,34,0,Low
flow-synth-00656,Healthcare,web_like,510.81,258.31,34.46,17601.53,52.27,12.21,0.45,83.11,2863,5,4,0,45,0,Low
flow-synth-00657,Healthcare,web_like,562.37,242.53,23.12,13004.53,62.78,5.3,0.46,86.83,2008,5,4,0,46,0,Low
flow-synth-00658,Defence,video_like_udp,1294.89,147.57,63.36,82044.92,14.89,2.32,0.09,54.88,3477,19,2,1,76,0,Moderate
flow-synth-00659,Defence,web_like,516.66,237.96,21.26,10984.72,50.87,23.19,0.3,76.85,1634,5,2,0,40,0,Low
flow-synth-00660,Healthcare,video_like_udp,1260.34,73.22,55.11,69454.53,15.99,1.44,0.18,64.02,3527,16,2,1,84,1,High
flow-synth-00661,Defence,icmp_like,84.4,2.04,1.21,101.91,1003.34,3.18,1.0,69.56,83,0,2,0,14,0,Low
flow-synth-00662,Defence,web_like,525.97,225.32,29.51,15522.25,30.16,23.11,0.23,71.45,2108,2,4,0,47,0,Low
flow-synth-00663,Government,video_like_udp,1194.51,81.07,58.54,69925.63,15.85,3.07,0.12,74.75,4376,13,2,0,67,0,Moderate
flow-synth-00664,Defence,web_like,421.87,285.84,23.01,9705.83,37.26,23.82,0.27,74.39,1711,4,4,0,35,0,Low
flow-synth-00665,Defence,web_like,564.64,266.44,34.01,19205.41,50.88,22.37,0.73,75.94,2582,5,2,1,50,0,Low
flow-synth-00666,Defence,bulk_transfer_like,1422.84,56.76,110.82,157678.48,5.43,1.05,0.07,66.29,7345,4,4,0,66,0,Moderate
flow-synth-00667,Defence,web_like,558.77,195.62,19.3,10783.04,25.41,23.76,0.38,61.6,1188,4,2,1,54,0,Low
flow-synth-00668,Government,idle_keepalive,102.53,8.2,0.11,50.0,30018.06,9.21,1.0,62.99,10,0,2,1,18,0,Low
flow-synth-00669,Government,icmp_like,84.39,2.44,1.17,98.63,1003.93,2.36,1.0,44.16,51,0,2,0,22,0,Low
flow-synth-00670,Government,web_like,614.14,277.7,26.12,16039.1,35.96,31.58,0.41,64.63,1687,2,2,0,46,0,Low
flow-synth-00671,Defence,icmp_like,87.7,2.9,0.96,83.83,993.39,1.68,1.0,70.72,67,0,2,0,20,0,Low
flow-synth-00672,Defence,video_like_udp,1273.79,89.72,71.47,91032.51,16.25,2.94,0.09,59.22,4231,17,2,0,70,0,Moderate
flow-synth-00673,Defence,video_like_udp,1192.26,97.99,55.63,66319.88,13.26,1.8,0.04,46.51,2587,12,2,0,84,1,High
flow-synth-00674,Defence,web_like,426.86,174.98,29.03,12391.87,37.71,28.14,0.62,39.8,1155,3,2,0,52,0,Low
flow-synth-00675,Healthcare,icmp_like,86.3,1.92,1.01,87.5,987.17,3.01,1.0,69.2,70,0,4,0,16,0,Low
flow-synth-00676,Defence,icmp_like,84.91,1.21,0.72,61.23,1009.92,2.14,1.0,5.0,10,0,2,0,10,0,Low
flow-synth-00677,Healthcare,icmp_like,84.34,3.26,0.82,68.76,990.13,1.33,1.0,42.19,34,0,2,0,23,0,Low
flow-synth-00678,Defence,icmp_like,77.91,2.44,1.12,87.57,994.14,1.72,1.0,62.99,70,0,2,0,21,0,Low
flow-synth-00679,Healthcare,video_like_udp,1318.54,154.54,72.27,95293.82,17.92,1.55,0.08,61.25,4426,18,4,1,70,0,Moderate
flow-synth-00680,Defence,video_like_udp,1288.58,101.08,58.04,74795.35,15.88,1.98,0.2,95.7,5554,16,4,0,79,0,Moderate
flow-synth-00681,Defence,video_like_udp,1280.67,89.38,54.71,70068.26,21.47,1.26,0.1,68.32,3737,19,2,0,70,0,Moderate
flow-synth-00682,Government,idle_keepalive,127.97,11.67,0.1,50.0,30333.4,11.2,1.0,42.61,10,0,2,1,32,0,Low
flow-synth-00683,Government,video_like_udp,1391.66,72.82,58.27,81088.08,12.59,1.25,0.15,53.99,3146,18,4,1,70,0,Moderate
flow-synth-00684,Defence,web_like,596.13,245.09,22.43,13368.67,45.72,21.97,0.34,76.32,1711,5,2,0,31,0,Low
flow-synth-00685,Government,bulk_transfer_like,1339.0,50.34,147.29,197224.32,4.14,1.85,0.06,51.14,7532,5,2,0,55,0,Moderate
flow-synth-00686,Government,web_like,674.25,184.21,31.86,21481.56,57.55,15.2,0.53,33.43,1065,5,4,0,34,0,Low
flow-synth-00687,Healthcare,web_like,753.36,261.5,32.56,24527.68,42.79,20.11,0.48,116.82,3803,4,4,1,40,0,Low
flow-synth-00688,Healthcare,icmp_like,90.53,0.4,0.84,76.34,989.62,2.52,1.0,47.18,39,0,4,1,19,0,Low
flow-synth-00689,Defence,web_like,612.5,251.08,28.8,17637.81,61.43,20.49,0.22,87.27,2513,3,2,0,39,0,Low
flow-synth-00690,Healthcare,video_like_udp,1309.92,51.88,57.13,74836.36,18.39,1.61,0.05,61.59,3518,8,2,0,65,0,Moderate
flow-synth-00691,Government,bulk_transfer_like,1394.15,93.93,191.15,266494.0,5.25,1.91,0.11,71.07,13585,6,4,0,61,0,Moderate
flow-synth-00692,Defence,idle_keepalive,107.68,7.66,0.1,50.0,29930.66,12.92,1.0,45.06,10,0,2,0,19,0,Low
flow-synth-00693,Government,web_like,573.94,229.53,24.63,14133.29,36.19,24.78,0.42,37.24,916,4,2,0,49,0,Low
flow-synth-00694,Defence,icmp_like,82.9,3.25,1.2,99.21,988.77,1.85,1.0,71.5,85,0,2,0,28,0,Low
flow-synth-00695,Defence,idle_keepalive,137.96,8.89,0.12,50.0,29965.65,12.98,1.0,69.51,10,0,2,0,29,0,Low
flow-synth-00696,Government,icmp_like,77.01,1.46,0.95,73.09,1002.56,2.95,1.0,39.89,37,0,2,1,18,0,Low
flow-synth-00697,Defence,web_like,432.61,198.12,21.59,9341.42,52.94,13.99,0.47,53.89,1163,3,2,0,33,0,Low
flow-synth-00698,Healthcare,video_like_udp,1227.31,105.7,46.98,57660.14,14.48,1.64,0.19,56.83,2669,9,4,0,74,0,Moderate
flow-synth-00699,Defence,bulk_transfer_like,1338.09,92.4,36.72,49131.17,6.86,1.55,0.09,67.1,2463,5,4,0,61,0,Moderate
flow-synth-00700,Government,web_like,480.64,245.8,10.94,5260.12,31.14,7.16,0.36,47.43,519,4,2,0,52,0,Low
flow-synth-00701,Healthcare,video_like_udp,1265.37,77.75,64.42,81512.17,15.13,1.64,0.02,34.11,2197,8,2,1,79,0,Moderate
flow-synth-00702,Healthcare,video_like_udp,1216.09,101.47,74.51,90617.1,16.74,1.46,0.12,62.94,4689,11,2,1,86,1,High
flow-synth-00703,Government,web_like,612.18,231.45,28.42,17399.87,32.08,22.62,0.4,45.76,1300,5,2,1,41,0,Low
flow-synth-00704,Defence,icmp_like,82.67,3.04,1.09,90.33,998.12,0.97,1.0,28.06,30,0,2,0,15,0,Low
flow-synth-00705,Government,bulk_transfer_like,1311.48,87.54,165.8,217437.3,3.94,3.41,0.05,62.06,10288,9,4,0,58,0,Moderate
flow-synth-00706,Healthcare,web_like,556.43,153.56,30.43,16929.44,44.88,22.4,0.12,66.23,2015,2,2,0,54,0,Low
flow-synth-00707,Defence,bulk_transfer_like,1373.75,54.92,180.16,247493.5,6.21,2.22,0.06,55.89,10069,9,2,1,56,0,Moderate
flow-synth-00708,Defence,web_like,663.04,188.94,19.81,13135.76,32.83,23.26,0.29,72.89,1444,4,2,1,33,0,Low
flow-synth-00709,Healthcare,web_like,615.21,207.87,16.16,9942.93,37.25,0.1,0.52,56.45,912,4,2,0,58,0,Low
flow-synth-00710,Defence,icmp_like,86.62,2.96,1.0,86.28,992.29,0.58,1.0,67.04,66,0,2,0,28,0,Low
flow-synth-00711,Defence,bulk_transfer_like,1404.1,95.35,210.42,295450.24,3.9,1.59,0.07,84.29,17735,9,2,1,66,0,Moderate
flow-synth-00712,Defence,icmp_like,81.21,1.05,0.92,74.47,988.74,2.17,1.0,75.33,69,0,2,0,24,0,Low
flow-synth-00713,Defence,icmp_like,85.2,2.25,1.06,90.23,997.23,2.11,1.0,80.67,85,0,2,1,18,0,Low
flow-synth-00714,Defence,video_like_udp,1206.3,75.11,70.9,85521.66,16.45,1.88,0.21,58.43,4142,17,2,1,83,1,High
flow-synth-00715,Government,web_like,468.99,213.69,19.2,9003.46,58.49,14.24,0.52,26.89,516,3,2,0,58,0,Low
flow-synth-00716,Defence,web_like,611.42,195.76,27.63,16892.92,32.89,19.91,0.37,79.99,2210,5,2,1,32,0,Low
flow-synth-00717,Healthcare,icmp_like,83.67,0.9,1.36,113.69,991.2,0.83,1.0,12.31,16,0,2,1,26,0,Low
flow-synth-00718,Government,icmp_like,86.98,2.13,1.09,94.43,992.89,1.69,1.0,41.24,44,0,4,1,23,0,Low
flow-synth-00719,Healthcare,bulk_transfer_like,1350.67,82.75,149.74,202250.73,6.68,2.34,0.05,49.55,7419,9,2,1,74,0,Moderate
flow-synth-00720,Defence,web_like,558.19,154.72,20.13,11237.05,52.1,11.69,0.02,44.26,891,5,2,0,51,0,Low
flow-synth-00721,Defence,icmp_like,80.86,3.8,1.17,94.75,997.48,2.54,1.0,74.48,87,0,2,0,24,0,Low
flow-synth-00722,Defence,idle_keepalive,102.25,4.79,0.1,50.0,29815.49,14.66,1.0,45.08,10,0,2,0,29,0,Low
flow-synth-00723,Healthcare,video_like_udp,1246.92,113.84,57.85,72140.24,13.89,1.49,0.16,60.26,3486,16,4,0,77,0,Moderate
flow-synth-00724,Defence,bulk_transfer_like,1350.12,67.11,193.25,260908.25,7.44,2.38,0.12,38.89,7514,8,4,0,69,0,Moderate
flow-synth-00725,Healthcare,web_like,501.09,160.7,31.62,15844.46,62.27,28.02,0.58,56.05,1772,3,2,0,59,0,Low
flow-synth-00726,Defence,web_like,726.81,117.42,33.01,23992.04,49.79,27.84,0.22,56.55,1866,3,2,1,47,0,Low
flow-synth-00727,Defence,web_like,610.25,207.46,12.39,7562.63,42.91,24.29,0.4,75.5,935,3,4,1,59,0,Low
flow-synth-00728,Healthcare,bulk_transfer_like,1369.45,74.73,195.93,268314.0,5.2,3.31,0.09,51.43,10075,9,2,0,69,0,Moderate
flow-synth-00729,Defence,video_like_udp,1284.65,64.56,63.91,82107.09,14.64,1.24,0.2,38.33,2449,12,2,1,74,0,Moderate
flow-synth-00730,Government,icmp_like,83.3,2.03,0.88,73.61,984.88,0.52,1.0,52.71,46,0,4,0,28,0,Low
flow-synth-00731,Healthcare,video_like_udp,1203.99,118.7,66.24,79757.1,16.6,1.63,0.08,34.31,2272,12,2,0,82,1,High
flow-synth-00732,Government,video_like_udp,1324.12,80.21,54.25,71827.15,19.8,1.71,0.14,60.59,3286,19,4,0,69,0,Moderate
flow-synth-00733,Government,icmp_like,83.32,2.77,1.02,84.6,986.16,2.15,1.0,51.71,52,0,4,0,22,0,Low
flow-synth-00734,Government,video_like_udp,1284.73,68.79,61.7,79267.23,17.54,1.41,0.12,58.3,3597,8,2,1,82,1,High
flow-synth-00735,Defence,bulk_transfer_like,1367.82,119.88,161.78,221288.26,5.44,1.35,0.1,67.96,10994,4,4,0,61,0,Moderate
flow-synth-00736,Government,bulk_transfer_like,1398.75,94.84,164.7,230381.71,8.03,1.75,0.08,76.85,12658,4,2,0,57,0,Moderate
flow-synth-00737,Healthcare,bulk_transfer_like,1372.22,63.63,180.44,247601.03,6.76,1.32,0.06,41.05,7407,5,2,1,69,0,Moderate
flow-synth-00738,Defence,bulk_transfer_like,1363.37,106.37,102.81,140166.29,5.02,3.06,0.1,88.96,9145,5,2,0,72,0,Moderate
flow-synth-00739,Healthcare,bulk_transfer_like,1402.24,76.48,183.32,257057.71,5.34,2.78,0.05,43.88,8044,8,2,0,65,0,Moderate
flow-synth-00740,Defence,idle_keepalive,115.88,9.75,0.1,50.0,30048.43,10.75,1.0,59.76,10,0,2,0,32,0,Low
flow-synth-00741,Government,video_like_udp,1280.37,58.04,59.12,75700.06,12.73,2.15,0.15,25.39,1501,17,2,0,67,0,Moderate
flow-synth-00742,Defence,web_like,686.73,309.9,24.37,16734.21,34.31,34.95,0.2,60.4,1471,4,2,1,32,0,Low
flow-synth-00743,Government,icmp_like,79.66,2.12,0.97,77.29,1005.09,2.05,1.0,37.58,36,0,2,1,23,0,Low
flow-synth-00744,Defence,icmp_like,83.02,2.49,0.43,50.0,995.67,1.63,1.0,89.82,38,0,2,1,16,0,Low
flow-synth-00745,Government,video_like_udp,1216.59,90.79,64.68,78693.77,12.11,1.97,0.08,65.71,4250,18,4,1,69,0,Moderate
flow-synth-00746,Healthcare,video_like_udp,1287.0,81.41,60.23,77521.57,16.86,1.64,0.11,59.49,3583,14,2,0,74,0,Moderate
flow-synth-00747,Defence,idle_keepalive,89.71,9.1,0.17,50.0,29889.59,11.12,1.0,77.03,13,0,2,1,29,0,Low
flow-synth-00748,Defence,web_like,547.05,197.74,31.2,17067.7,48.48,17.82,0.3,49.88,1556,4,2,0,55,0,Low
flow-synth-00749,Defence,video_like_udp,1232.85,125.73,61.79,76183.27,15.98,2.12,0.06,47.57,2939,15,2,0,79,0,Moderate
flow-synth-00750,Defence,video_like_udp,1247.0,122.05,60.43,75360.65,18.08,2.38,0.09,58.58,3540,12,2,0,79,0,Moderate
flow-synth-00751,Defence,video_like_udp,1249.29,118.48,62.71,78342.16,16.02,1.52,0.18,52.17,3271,8,2,1,79,0,Moderate
flow-synth-00752,Defence,video_like_udp,1259.47,98.63,77.03,97021.36,15.82,1.84,0.14,61.11,4707,19,2,0,69,0,Moderate
flow-synth-00753,Defence,web_like,599.57,217.33,19.53,11707.69,52.73,19.19,0.21,86.17,1682,3,2,0,31,0,Low
flow-synth-00754,Government,idle_keepalive,127.71,10.38,0.1,50.0,29709.72,8.4,1.0,64.23,10,0,4,0,32,0,Low
flow-synth-00755,Defence,web_like,482.95,244.13,24.24,11704.43,48.2,12.11,0.19,45.4,1100,3,2,1,53,0,Low
flow-synth-00756,Healthcare,idle_keepalive,149.62,4.88,0.19,50.0,29921.87,10.55,1.0,36.36,10,0,2,0,24,0,Low
flow-synth-00757,Defence,video_like_udp,1316.22,99.16,55.21,72665.87,12.93,1.91,0.17,60.71,3351,14,2,1,81,1,High
flow-synth-00758,Government,icmp_like,77.01,2.09,0.67,51.97,974.93,2.24,1.0,62.79,42,0,2,1,14,0,Low
flow-synth-00759,Government,idle_keepalive,123.36,6.94,0.12,50.0,29834.05,7.01,1.0,75.43,10,0,2,0,15,0,Low
flow-synth-00760,Healthcare,bulk_transfer_like,1308.72,112.09,204.92,268175.81,4.51,2.18,0.08,65.84,13492,6,2,0,70,0,Moderate
flow-synth-00761,Healthcare,bulk_transfer_like,1390.26,64.38,190.4,264699.66,4.36,2.26,0.08,43.58,8297,7,2,0,67,0,Moderate
flow-synth-00762,Government,web_like,450.38,217.05,14.0,6305.92,38.82,18.2,0.44,47.01,658,3,2,1,47,0,Low
flow-synth-00763,Healthcare,web_like,509.23,284.45,16.43,8366.57,20.83,19.75,0.45,73.32,1204,2,4,0,38,0,Low
flow-synth-00764,Defence,web_like,560.27,193.2,8.76,4909.46,59.33,10.63,0.31,30.87,270,5,2,0,32,0,Low
flow-synth-00765,Defence,bulk_transfer_like,1443.96,47.6,165.95,239624.39,5.43,2.89,0.02,68.31,11335,8,2,0,71,0,Moderate
flow-synth-00766,Healthcare,icmp_like,84.97,1.53,1.12,95.38,990.21,0.89,1.0,24.04,26,0,2,0,28,0,Low
flow-synth-00767,Defence,icmp_like,89.19,4.6,1.07,95.23,1006.46,1.52,1.0,49.25,52,0,2,0,21,0,Low
flow-synth-00768,Government,video_like_udp,1283.65,125.57,61.31,78705.21,18.6,2.09,0.14,67.0,4107,16,2,0,87,1,High
flow-synth-00769,Government,bulk_transfer_like,1344.34,82.41,176.25,236945.64,7.85,1.83,0.05,59.88,10553,10,2,0,57,0,Moderate
flow-synth-00770,Government,icmp_like,78.44,1.52,0.97,76.2,983.11,2.57,1.0,55.43,53,0,2,0,23,0,Low
flow-synth-00771,Defence,bulk_transfer_like,1365.83,98.12,183.72,250931.06,5.62,2.41,0.11,10.04,1845,4,2,0,59,0,Moderate
flow-synth-00772,Government,video_like_udp,1295.65,147.29,63.65,82463.06,11.62,1.46,0.11,38.04,2421,14,2,1,77,0,Moderate
flow-synth-00773,Defence,video_like_udp,1363.57,72.47,69.06,94164.36,15.43,2.43,0.14,42.12,2908,15,4,0,86,1,High
flow-synth-00774,Government,video_like_udp,1306.21,73.23,57.08,74556.69,15.78,3.05,0.13,8.62,492,12,2,1,65,0,Moderate
flow-synth-00775,Healthcare,web_like,636.65,183.1,29.7,18907.71,29.06,21.06,0.35,48.82,1449,2,2,1,30,0,Low
flow-synth-00776,Healthcare,web_like,469.95,232.6,23.94,11250.59,41.18,27.41,0.49,20.2,483,2,2,0,39,0,Low
flow-synth-00777,Healthcare,bulk_transfer_like,1329.93,101.64,216.29,287648.37,7.03,2.51,0.11,33.58,7263,5,2,1,63,0,Moderate
flow-synth-00778,Healthcare,icmp_like,87.09,2.0,0.69,60.19,1004.93,2.67,1.0,69.85,48,0,2,0,16,0,Low
flow-synth-00779,Government,bulk_transfer_like,1339.36,69.43,213.69,286203.91,5.89,2.37,0.13,49.9,10662,8,2,0,60,0,Moderate
flow-synth-00780,Government,bulk_transfer_like,1289.11,75.06,185.69,239376.91,6.23,2.2,0.05,62.0,11512,11,2,0,58,0,Moderate
flow-synth-00781,Government,idle_keepalive,137.35,9.66,0.1,50.0,29690.24,10.74,1.0,44.61,10,0,4,1,28,0,Low
flow-synth-00782,Healthcare,icmp_like,85.3,2.0,1.36,116.17,998.91,1.7,1.0,89.48,121,0,2,0,29,0,Low
flow-synth-00783,Government,idle_keepalive,133.08,6.55,0.1,50.0,30461.03,9.37,1.0,40.03,10,0,2,1,15,0,Low
flow-synth-00784,Defence,web_like,718.56,289.65,27.14,19504.05,61.08,14.59,0.28,60.82,1650,3,2,0,38,0,Low
flow-synth-00785,Defence,idle_keepalive,127.48,9.51,0.13,50.0,29755.37,10.92,1.0,35.26,10,0,2,1,15,0,Low
flow-synth-00786,Defence,video_like_udp,1301.79,108.94,65.92,85809.47,16.08,1.01,0.15,48.73,3212,16,4,1,70,0,Moderate
flow-synth-00787,Healthcare,icmp_like,83.87,1.53,1.03,86.31,1005.73,1.19,1.0,69.58,71,0,2,0,21,0,Low
flow-synth-00788,Government,web_like,445.26,297.14,25.55,11378.37,40.23,23.78,0.44,67.98,1737,5,2,0,42,0,Low
flow-synth-00789,Defence,bulk_transfer_like,1286.4,99.36,175.57,225850.93,5.15,1.77,0.08,20.69,3632,9,2,0,64,0,Moderate
flow-synth-00790,Healthcare,bulk_transfer_like,1333.58,47.32,163.01,217382.51,6.1,1.57,0.04,61.39,10006,4,2,0,74,0,Moderate
flow-synth-00791,Defence,web_like,461.41,216.13,28.71,13246.53,50.74,22.97,0.55,63.97,1836,2,2,0,58,0,Low
flow-synth-00792,Government,bulk_transfer_like,1351.22,94.87,199.68,269812.75,4.24,1.41,0.08,60.66,12111,8,2,1,56,0,Moderate
flow-synth-00793,Healthcare,video_like_udp,1265.16,124.38,57.5,72752.11,16.66,1.8,0.13,106.42,6119,17,2,0,65,0,Moderate
flow-synth-00794,Government,web_like,606.38,173.68,23.69,14362.66,51.14,22.96,0.23,38.13,903,2,2,0,58,0,Low
flow-synth-00795,Defence,bulk_transfer_like,1385.94,49.83,187.4,259723.58,6.04,3.12,0.06,74.78,14013,7,2,0,55,0,Moderate
flow-synth-00796,Healthcare,icmp_like,89.12,1.56,0.97,86.58,1000.55,1.62,1.0,52.93,51,0,2,1,13,0,Low
flow-synth-00797,Government,video_like_udp,1279.25,88.22,57.61,73702.21,12.2,1.56,0.1,62.3,3589,14,2,0,70,0,Moderate
flow-synth-00798,Government,web_like,525.09,240.89,24.27,12743.87,45.63,20.39,0.44,56.75,1377,5,2,1,35,0,Low
flow-synth-00799,Healthcare,idle_keepalive,106.93,8.14,0.12,50.0,29771.33,10.26,1.0,28.63,10,0,2,0,22,0,Low
flow-synth-00800,Defence,bulk_transfer_like,1308.84,83.52,221.31,289660.61,7.62,2.18,0.04,65.57,14511,7,2,0,59,0,Moderate
flow-synth-00801,Government,video_like_udp,1293.78,86.74,58.04,75092.03,15.45,1.72,0.08,60.99,3540,11,2,0,73,0,Moderate
flow-synth-00802,Government,web_like,649.64,285.15,29.76,19333.62,43.24,20.78,0.36,60.72,1807,5,2,0,37,0,Low
flow-synth-00803,Government,video_like_udp,1314.25,98.03,78.73,103466.56,15.88,2.02,0.16,39.92,3142,14,2,0,86,1,High
flow-synth-00804,Defence,web_like,631.82,163.14,14.08,8893.06,42.34,18.13,0.01,83.19,1170,5,2,0,33,0,Low
flow-synth-00805,Government,idle_keepalive,119.75,9.37,0.12,50.0,29955.98,10.19,1.0,52.56,10,0,2,1,33,0,Low
flow-synth-00806,Healthcare,video_like_udp,1312.84,98.92,59.64,78302.53,14.87,2.02,0.15,74.49,4442,14,4,0,65,0,Moderate
flow-synth-00807,Defence,icmp_like,85.79,1.84,0.82,70.04,1000.92,0.75,1.0,21.21,17,0,2,0,11,0,Low
flow-synth-00808,Healthcare,video_like_udp,1324.5,62.13,46.27,61290.22,14.87,2.66,0.15,21.55,997,16,2,0,80,0,Moderate
flow-synth-00809,Government,bulk_transfer_like,1342.83,53.59,193.5,259837.22,5.18,2.01,0.04,10.74,2077,8,2,0,71,0,Moderate
flow-synth-00810,Government,video_like_udp,1239.92,114.66,54.99,68185.22,16.38,1.4,0.1,71.5,3931,13,4,0,80,0,Moderate
flow-synth-00811,Defence,video_like_udp,1296.04,74.0,70.74,91683.53,14.6,1.24,0.12,94.56,6689,17,2,0,80,0,Moderate
flow-synth-00812,Defence,web_like,431.55,200.91,31.66,13662.44,19.44,26.64,0.23,50.9,1611,3,2,0,47,0,Low
flow-synth-00813,Healthcare,web_like,690.85,229.78,17.57,12139.86,56.03,23.81,0.44,30.62,538,2,2,1,47,0,Low
flow-synth-00814,Defence,bulk_transfer_like,1344.59,52.78,107.84,145002.65,5.04,2.24,0.16,70.97,7653,8,2,1,57,0,Moderate
flow-synth-00815,Government,idle_keepalive,112.85,5.39,0.1,50.0,29671.72,10.04,1.0,36.07,10,0,2,0,17,0,Low
flow-synth-00816,Defence,web_like,489.06,94.63,27.73,13563.69,51.48,7.8,0.39,31.48,873,5,2,0,32,0,Low
flow-synth-00817,Healthcare,bulk_transfer_like,1377.72,96.59,154.73,213180.71,5.85,1.88,0.07,10.24,1585,6,2,0,60,0,Moderate
flow-synth-00818,Healthcare,web_like,487.55,275.4,31.72,15467.44,61.1,16.19,0.63,44.04,1397,2,4,1,40,0,Low
flow-synth-00819,Government,video_like_udp,1294.62,105.93,63.41,82090.64,15.5,1.74,0.16,31.27,1983,9,2,1,85,1,High
flow-synth-00820,Defence,idle_keepalive,110.93,9.0,0.12,50.0,30128.46,4.92,1.0,80.13,10,0,4,0,20,0,Low
flow-synth-00821,Government,idle_keepalive,105.25,7.72,0.16,50.0,30167.62,8.64,1.0,52.55,10,0,2,0,26,0,Low
flow-synth-00822,Government,web_like,609.0,254.47,15.8,9625.17,36.23,19.38,0.32,75.94,1200,3,4,1,32,0,Low
flow-synth-00823,Defence,video_like_udp,1241.27,56.3,69.61,86399.36,17.38,2.6,0.11,53.06,3693,10,2,1,75,0,Moderate
flow-synth-00824,Government,web_like,513.68,236.83,21.74,11169.12,41.37,22.99,0.31,53.4,1161,2,4,0,58,0,Low
flow-synth-00825,Government,bulk_transfer_like,1431.42,76.47,101.85,145788.79,6.6,1.81,0.11,34.45,3508,10,4,1,63,0,Moderate
flow-synth-00826,Government,idle_keepalive,128.53,8.51,0.13,50.0,30413.66,10.34,1.0,68.1,10,0,2,0,33,0,Low
flow-synth-00827,Defence,video_like_udp,1324.05,92.59,67.07,88799.76,14.5,1.49,0.13,86.03,5769,17,2,0,87,1,High
flow-synth-00828,Government,bulk_transfer_like,1328.89,97.22,136.81,181801.97,7.99,1.63,0.1,38.26,5233,10,2,0,62,0,Moderate
flow-synth-00829,Healthcare,web_like,795.72,188.84,31.66,25191.15,40.73,25.4,0.4,31.48,996,5,2,0,39,0,Low
flow-synth-00830,Defence,web_like,487.99,257.84,21.25,10367.48,43.67,8.72,0.32,82.46,1751,3,4,0,48,0,Low
flow-synth-00831,Healthcare,icmp_like,82.23,1.71,0.98,80.34,1000.84,2.55,1.0,51.1,49,0,2,0,19,0,Low
flow-synth-00832,Defence,bulk_transfer_like,1330.41,80.98,207.38,275896.28,5.42,2.56,0.1,96.63,20039,10,2,0,57,0,Moderate
flow-synth-00833,Healthcare,web_like,512.89,171.01,22.77,11679.69,48.18,19.54,0.58,73.3,1669,4,2,1,35,0,Low
flow-synth-00834,Government,bulk_transfer_like,1382.31,58.0,214.25,296165.58,5.01,1.99,0.05,73.48,15742,10,2,0,59,0,Moderate
flow-synth-00835,Healthcare,web_like,479.39,183.38,18.03,8642.72,46.75,13.92,0.37,49.63,894,2,2,0,51,0,Low
flow-synth-00836,Government,icmp_like,90.72,2.4,1.15,104.53,1000.58,1.89,1.0,69.14,79,0,2,0,18,0,Low
flow-synth-00837,Government,video_like_udp,1304.73,102.51,78.69,102674.33,10.58,2.36,0.11,56.57,4451,11,2,0,86,1,High
flow-synth-00838,Healthcare,video_like_udp,1334.92,103.94,64.65,86296.26,17.41,1.84,0.2,31.23,2018,18,2,0,76,0,Moderate
flow-synth-00839,Government,bulk_transfer_like,1336.82,77.47,197.58,264125.83,7.02,2.09,0.04,21.16,4181,5,2,0,72,0,Moderate
flow-synth-00840,Government,web_like,539.58,146.39,18.68,10080.89,31.17,22.86,0.42,34.29,640,3,2,0,52,0,Low
flow-synth-00841,Defence,video_like_udp,1236.05,102.41,51.09,63150.63,17.45,2.17,0.09,58.35,2981,9,2,1,70,0,Moderate
flow-synth-00842,Government,bulk_transfer_like,1373.79,71.25,187.28,257282.89,6.03,2.04,0.03,66.63,12478,5,2,0,64,0,Moderate
flow-synth-00843,Healthcare,web_like,490.12,206.2,38.28,18762.74,47.25,15.93,0.3,64.56,2471,4,4,0,44,0,Low
flow-synth-00844,Defence,web_like,358.61,232.9,17.12,6137.81,25.0,7.99,0.37,39.67,678,2,2,0,46,0,Low
flow-synth-00845,Government,idle_keepalive,97.78,5.32,0.1,50.0,29934.75,5.96,1.0,54.38,10,0,2,1,18,0,Low
flow-synth-00846,Healthcare,icmp_like,79.5,2.56,1.15,91.21,988.0,1.72,1.0,54.16,62,0,4,0,24,0,Low
flow-synth-00847,Healthcare,web_like,455.74,191.55,5.98,2724.23,46.03,16.36,0.55,49.6,296,2,4,0,47,0,Low
flow-synth-00848,Government,icmp_like,79.02,3.14,0.76,60.38,1006.17,0.65,1.0,88.18,67,0,2,0,20,0,Low
flow-synth-00849,Government,icmp_like,82.05,2.63,0.98,80.55,1010.62,1.93,1.0,65.76,64,0,2,1,29,0,Low
flow-synth-00850,Government,bulk_transfer_like,1382.29,63.72,169.0,233612.37,5.87,2.2,0.07,68.33,11548,8,2,0,57,0,Moderate
flow-synth-00851,Healthcare,icmp_like,79.99,1.52,1.07,85.96,1000.64,1.65,1.0,89.91,96,0,4,0,29,0,Low
flow-synth-00852,Defence,web_like,514.92,153.72,27.22,14015.15,57.85,18.65,0.26,70.79,1926,4,2,0,59,0,Low
flow-synth-00853,Healthcare,web_like,674.51,228.9,17.75,11974.03,21.07,12.47,0.23,73.19,1299,2,2,1,32,0,Low
flow-synth-00854,Healthcare,idle_keepalive,135.98,7.48,0.14,50.0,30098.28,6.33,1.0,88.49,12,0,2,0,30,0,Low
flow-synth-00855,Defence,video_like_udp,1278.87,128.92,53.88,68906.71,16.5,1.21,0.14,70.78,3813,15,4,1,73,0,Moderate
flow-synth-00856,Defence,video_like_udp,1308.18,112.37,67.01,87661.6,11.48,0.94,0.11,61.96,4152,12,2,0,76,0,Moderate
flow-synth-00857,Government,web_like,432.65,236.49,23.86,10323.78,37.18,8.31,0.41,89.14,2127,2,2,1,41,0,Low
flow-synth-00858,Defence,web_like,592.28,229.99,34.08,20184.28,39.84,21.91,0.32,38.93,1326,2,2,0,43,0,Low
flow-synth-00859,Healthcare,bulk_transfer_like,1318.08,93.64,228.36,300990.6,6.73,2.64,0.08,39.42,9002,10,2,0,60,0,Moderate
flow-synth-00860,Healthcare,web_like,518.37,130.27,34.41,17834.7,32.19,14.8,0.56,27.71,953,3,2,0,40,0,Low
flow-synth-00861,Healthcare,bulk_transfer_like,1387.81,87.68,174.32,241921.06,4.42,3.06,0.08,75.51,13163,11,2,0,60,0,Moderate
flow-synth-00862,Defence,bulk_transfer_like,1346.47,123.46,87.7,118084.02,7.25,2.64,0.09,61.6,5402,4,2,0,68,0,Moderate
flow-synth-00863,Healthcare,web_like,461.96,206.68,39.58,18285.5,39.04,22.87,0.74,39.27,1554,3,2,1,59,0,Low
flow-synth-00864,Healthcare,bulk_transfer_like,1316.79,55.1,180.03,237066.3,3.96,1.41,0.06,62.77,11300,4,2,1,66,0,Moderate
flow-synth-00865,Healthcare,video_like_udp,1227.31,120.66,69.97,85874.56,15.52,1.44,0.14,35.48,2482,18,2,1,68,0,Moderate
flow-synth-00866,Defence,idle_keepalive,152.95,9.53,0.1,50.0,30217.91,17.1,1.0,65.35,10,0,2,0,21,0,Low
flow-synth-00867,Government,bulk_transfer_like,1371.4,65.93,175.06,240082.38,5.51,2.05,0.1,75.31,13183,5,2,0,74,0,Moderate
flow-synth-00868,Government,bulk_transfer_like,1344.96,94.26,200.5,269670.16,4.66,1.8,0.01,87.97,17638,7,4,0,69,0,Moderate
flow-synth-00869,Healthcare,icmp_like,82.4,2.91,0.79,64.77,972.95,1.92,1.0,52.06,40,0,2,0,22,0,Low
flow-synth-00870,Government,icmp_like,83.83,0.9,1.36,113.96,991.47,1.46,1.0,26.62,36,0,2,0,18,0,Low
flow-synth-00871,Healthcare,web_like,572.84,148.25,28.54,16347.43,32.29,12.35,0.44,75.88,2165,4,2,0,52,0,Low
flow-synth-00872,Defence,video_like_udp,1239.95,110.84,59.92,74294.96,16.55,2.23,0.16,103.62,6208,15,2,0,81,1,High
flow-synth-00873,Healthcare,video_like_udp,1305.69,117.73,48.39,63188.48,17.48,2.39,0.18,62.41,3020,14,4,1,79,0,Moderate
flow-synth-00874,Defence,web_like,514.95,111.54,22.45,11561.85,30.76,17.6,0.4,61.79,1387,2,2,0,36,0,Low
flow-synth-00875,Healthcare,idle_keepalive,121.01,6.06,0.1,50.0,29783.1,9.34,1.0,45.41,10,0,4,1,15,0,Low
flow-synth-00876,Healthcare,idle_keepalive,93.35,5.78,0.1,50.0,30154.92,10.54,1.0,70.41,10,0,2,0,31,0,Low
flow-synth-00877,Healthcare,video_like_udp,1226.02,119.93,75.27,92287.07,13.34,1.39,0.17,57.06,4295,10,2,0,76,0,Moderate
flow-synth-00878,Government,bulk_transfer_like,1307.82,74.89,228.66,299043.35,2.63,2.07,0.07,31.14,7119,7,4,0,62,0,Moderate
flow-synth-00879,Defence,video_like_udp,1195.02,66.58,66.52,79488.07,14.49,1.38,0.16,70.6,4696,13,2,0,75,0,Moderate
flow-synth-00880,Healthcare,video_like_udp,1194.76,119.54,69.06,82510.88,16.66,1.51,0.11,20.55,1418,17,4,1,76,0,Moderate
flow-synth-00881,Healthcare,web_like,635.37,170.04,17.03,10823.48,31.39,28.8,0.3,78.85,1343,2,2,1,39,0,Low
flow-synth-00882,Healthcare,web_like,321.59,204.78,13.84,4450.43,39.38,14.17,0.27,42.38,586,3,2,0,50,0,Low
flow-synth-00883,Healthcare,web_like,408.66,158.89,31.9,13037.84,35.65,15.36,0.3,53.66,1712,4,2,0,46,0,Low
flow-synth-00884,Defence,icmp_like,82.56,2.3,1.13,93.62,1006.21,0.47,1.0,67.6,76,0,2,1,12,0,Low
flow-synth-00885,Government,video_like_udp,1312.05,132.43,51.58,67671.62,12.2,1.8,0.12,61.7,3182,17,2,0,87,1,High
flow-synth-00886,Government,web_like,547.97,302.12,22.27,12202.13,41.72,13.01,0.34,39.37,876,4,2,1,50,0,Low
flow-synth-00887,Defence,web_like,728.04,137.02,22.27,16211.1,51.93,31.33,0.43,65.46,1457,2,2,1,30,0,Low
flow-synth-00888,Defence,web_like,665.62,227.55,27.91,18578.32,26.9,13.15,0.22,10.48,292,3,4,1,51,0,Low
flow-synth-00889,Government,icmp_like,84.41,2.96,1.13,95.23,1000.8,2.81,1.0,60.25,67,0,4,0,22,0,Low
flow-synth-00890,Defence,video_like_udp,1343.93,38.87,61.99,83313.98,21.56,2.03,0.11,84.28,5224,8,4,0,76,0,Moderate
flow-synth-00891,Healthcare,video_like_udp,1314.24,94.99,69.72,91628.96,15.3,1.31,0.16,58.99,4112,17,2,0,80,0,Moderate
flow-synth-00892,Government,bulk_transfer_like,1359.08,92.48,199.24,270783.23,4.27,2.14,0.03,111.72,22259,10,2,0,56,0,Moderate
flow-synth-00893,Government,icmp_like,83.97,1.69,0.79,65.93,1016.03,1.28,1.0,48.44,38,0,2,0,28,0,Low
flow-synth-00894,Defence,web_like,511.62,184.55,19.48,9966.09,64.45,12.89,0.77,68.74,1339,4,2,1,36,0,Low
flow-synth-00895,Government,web_like,452.78,308.44,29.93,13549.84,43.52,14.92,0.54,60.64,1814,2,2,1,30,0,Low
flow-synth-00896,Defence,idle_keepalive,94.11,8.04,0.15,50.0,30030.28,9.12,1.0,96.5,14,0,2,0,16,0,Low
flow-synth-00897,Government,idle_keepalive,120.77,9.04,0.12,50.0,30231.19,13.16,1.0,79.82,10,0,4,0,26,0,Low
flow-synth-00898,Defence,web_like,506.78,183.32,36.45,18472.21,34.76,10.83,0.28,48.9,1782,5,2,0,39,0,Low
flow-synth-00899,Healthcare,icmp_like,82.8,0.37,1.04,85.89,999.56,1.42,1.0,56.22,58,0,2,1,17,0,Low
flow-synth-00900,Government,web_like,354.28,186.51,20.0,7085.98,32.65,22.63,0.27,35.11,702,5,2,0,54,0,Low
flow-synth-00901,Healthcare,icmp_like,85.8,1.29,0.89,76.55,992.8,1.1,1.0,49.3,43,0,4,0,25,0,Low
flow-synth-00902,Government,web_like,576.04,185.37,30.11,17343.13,48.44,9.05,0.44,26.35,793,4,4,0,50,0,Low
flow-synth-00903,Healthcare,web_like,536.33,258.42,24.33,13049.25,35.49,12.01,0.59,78.48,1909,2,4,0,38,0,Low
flow-synth-00904,Government,web_like,457.11,253.88,19.82,9057.97,31.02,15.05,0.16,16.55,327,4,2,1,50,0,Low
flow-synth-00905,Government,web_like,527.33,204.4,21.42,11297.78,32.58,18.06,0.48,5.0,107,3,4,0,49,0,Low
flow-synth-00906,Defence,icmp_like,84.3,2.47,0.88,74.13,978.74,1.92,1.0,54.26,47,0,4,0,16,0,Low
flow-synth-00907,Defence,video_like_udp,1337.52,88.74,60.82,81351.04,17.81,1.64,0.17,34.31,2086,19,2,1,84,1,High
flow-synth-00908,Government,bulk_transfer_like,1279.26,101.66,106.46,136189.21,6.58,1.88,0.1,84.37,8982,6,2,0,67,0,Moderate
flow-synth-00909,Defence,icmp_like,84.49,1.34,1.03,86.62,1006.69,2.9,1.0,75.4,77,0,2,0,22,0,Low
flow-synth-00910,Defence,icmp_like,84.62,2.1,0.88,74.57,995.7,2.47,1.0,63.9,56,0,2,0,11,0,Low
flow-synth-00911,Government,bulk_transfer_like,1384.19,68.43,176.9,244862.91,5.43,2.6,0.05,58.97,10431,10,2,0,59,0,Moderate
flow-synth-00912,Healthcare,bulk_transfer_like,1365.32,66.13,184.46,251853.11,8.35,2.28,0.09,75.61,13946,9,4,1,68,0,Moderate
flow-synth-00913,Government,web_like,597.7,201.04,12.82,7661.75,54.11,26.45,0.26,74.72,957,3,4,1,34,0,Low
flow-synth-00914,Healthcare,icmp_like,84.47,2.82,1.08,91.28,995.25,0.33,1.0,73.44,79,0,4,1,15,0,Low
flow-synth-00915,Defence,video_like_udp,1274.53,78.12,51.76,65972.44,14.82,1.21,0.1,75.7,3918,15,2,0,76,0,Moderate
flow-synth-00916,Healthcare,icmp_like,76.89,2.71,0.95,73.3,1007.07,2.62,1.0,81.56,77,0,2,1,28,0,Low
flow-synth-00917,Healthcare,bulk_transfer_like,1364.11,66.14,193.37,263775.15,5.22,1.42,0.07,64.62,12495,8,2,0,66,0,Moderate
flow-synth-00918,Defence,idle_keepalive,150.73,4.75,0.1,50.0,30006.53,13.41,1.0,67.99,10,0,2,0,20,0,Low
flow-synth-00919,Government,idle_keepalive,136.65,8.59,0.1,50.0,29941.53,14.85,1.0,48.74,10,0,2,0,20,0,Low
flow-synth-00920,Healthcare,icmp_like,88.19,3.6,0.86,75.89,1002.43,1.81,1.0,77.28,66,0,4,0,11,0,Low
flow-synth-00921,Healthcare,idle_keepalive,114.86,6.58,0.1,50.0,30160.51,11.72,1.0,49.96,10,0,2,1,27,0,Low
flow-synth-00922,Healthcare,web_like,590.69,149.11,30.38,17947.34,35.34,18.07,0.39,82.37,2502,2,2,0,58,0,Low
flow-synth-00923,Defence,icmp_like,78.53,2.33,1.21,95.13,995.51,2.54,1.0,67.71,82,0,2,0,18,0,Low
flow-synth-00924,Government,bulk_transfer_like,1365.91,93.22,203.97,278598.42,3.88,2.18,0.12,16.29,3323,7,4,0,69,0,Moderate
flow-synth-00925,Government,icmp_like,82.46,1.79,1.32,108.94,979.19,2.96,1.0,41.26,54,0,2,0,16,0,Low
flow-synth-00926,Government,bulk_transfer_like,1297.68,65.14,210.79,273541.77,6.38,3.43,0.05,70.01,14756,7,2,1,68,0,Moderate
flow-synth-00927,Defence,video_like_udp,1324.62,20.15,73.11,96845.49,18.37,2.35,0.2,79.3,5798,19,2,0,85,1,High
flow-synth-00928,Healthcare,bulk_transfer_like,1362.39,97.31,160.92,219242.16,7.51,1.22,0.12,100.77,16215,4,4,0,74,0,Moderate
flow-synth-00929,Defence,web_like,481.34,233.07,34.68,16693.87,22.88,22.54,0.55,72.77,2523,5,2,1,52,0,Low
flow-synth-00930,Healthcare,bulk_transfer_like,1317.67,81.58,180.89,238351.61,6.8,1.8,0.11,86.28,15607,11,4,0,61,0,Moderate
flow-synth-00931,Defence,icmp_like,80.21,3.06,0.91,73.25,1017.53,1.71,1.0,94.19,86,0,2,0,25,0,Low
flow-synth-00932,Defence,video_like_udp,1312.56,89.73,53.15,69768.12,11.97,0.98,0.11,102.14,5429,12,2,0,68,0,Moderate
flow-synth-00933,Defence,icmp_like,81.29,1.66,0.81,66.04,986.33,2.1,1.0,65.26,53,0,2,0,23,0,Low
flow-synth-00934,Healthcare,video_like_udp,1300.55,108.18,65.01,84551.69,10.64,0.97,0.11,79.37,5160,19,2,0,79,0,Moderate
flow-synth-00935,Healthcare,web_like,499.68,214.32,10.09,5043.48,45.66,13.5,0.48,75.77,764,5,4,0,52,0,Low
flow-synth-00936,Defence,web_like,652.6,244.22,29.26,19097.83,51.39,27.94,0.34,66.93,1958,2,2,0,42,0,Low
flow-synth-00937,Defence,icmp_like,85.62,1.88,0.91,78.02,1009.75,2.21,1.0,50.33,45,0,4,1,29,0,Low
flow-synth-00938,Government,video_like_udp,1267.66,90.79,70.04,88782.68,18.35,1.98,0.17,40.7,2850,13,2,0,80,0,Moderate
flow-synth-00939,Healthcare,icmp_like,80.97,1.55,0.89,71.78,1006.37,2.16,1.0,61.98,54,0,4,0,21,0,Low
flow-synth-00940,Healthcare,video_like_udp,1176.73,148.04,61.17,71979.08,11.55,1.88,0.12,101.75,6224,15,2,0,87,1,High
flow-synth-00941,Government,web_like,493.1,200.64,30.91,15241.14,40.92,20.97,0.64,75.18,2323,5,2,0,46,0,Low
flow-synth-00942,Government,web_like,629.46,176.25,10.05,6326.47,43.88,19.69,0.62,55.73,560,3,2,1,52,0,Low
flow-synth-00943,Defence,web_like,317.71,154.9,37.6,11946.24,62.88,18.51,0.13,38.26,1438,2,4,1,34,0,Low
flow-synth-00944,Government,icmp_like,88.43,0.27,0.96,84.82,1031.18,1.99,1.0,37.58,36,0,2,0,22,0,Low
flow-synth-00945,Healthcare,icmp_like,88.29,0.7,0.87,76.71,989.55,2.27,1.0,28.97,25,0,4,0,15,0,Low
flow-synth-00946,Defence,idle_keepalive,138.93,9.29,0.11,50.0,29976.92,10.96,1.0,65.77,10,0,2,0,25,0,Low
flow-synth-00947,Defence,web_like,442.78,195.44,20.53,9092.13,22.23,26.23,0.65,73.51,1509,2,2,0,55,0,Low
flow-synth-00948,Government,web_like,555.43,191.72,20.61,11447.29,48.47,12.0,0.43,59.62,1228,2,2,1,34,0,Low
flow-synth-00949,Government,video_like_udp,1274.22,126.73,75.91,96731.8,15.98,1.07,0.12,36.16,2744,15,2,1,76,0,Moderate
flow-synth-00950,Government,web_like,554.28,104.42,25.36,14055.86,42.42,24.42,0.23,53.53,1357,4,2,1,59,0,Low
flow-synth-00951,Government,icmp_like,83.23,2.66,1.07,88.75,984.37,3.0,1.0,94.13,100,0,2,0,15,0,Low
flow-synth-00952,Healthcare,idle_keepalive,133.11,8.16,0.11,50.0,29833.15,4.85,1.0,64.72,10,0,2,1,25,0,Low
flow-synth-00953,Government,video_like_udp,1271.94,112.69,61.42,78118.77,17.34,1.71,0.19,58.35,3583,10,2,1,84,1,High
flow-synth-00954,Defence,video_like_udp,1318.5,75.63,77.68,102422.2,19.53,1.78,0.17,38.87,3019,10,2,0,79,0,Moderate
flow-synth-00955,Defence,video_like_udp,1276.53,142.3,63.78,81411.17,17.33,1.11,0.11,91.39,5828,16,4,0,72,0,Moderate
flow-synth-00956,Defence,web_like,461.9,198.35,27.09,12514.07,49.25,22.33,0.27,42.81,1159,2,4,1,44,0,Low
flow-synth-00957,Healthcare,web_like,333.34,180.98,28.35,9449.62,34.1,19.98,0.61,39.84,1129,2,2,1,55,0,Low
flow-synth-00958,Healthcare,bulk_transfer_like,1309.74,121.73,191.16,250365.5,7.26,1.62,0.04,40.44,7731,11,2,0,71,0,Moderate
flow-synth-00959,Defence,bulk_transfer_like,1388.59,77.65,161.78,224647.89,5.79,2.38,0.1,52.72,8529,9,2,0,58,0,Moderate
flow-synth-00960,Healthcare,idle_keepalive,138.23,8.13,0.1,50.0,30356.65,16.82,1.0,64.84,10,0,2,0,30,0,Low
flow-synth-00961,Healthcare,web_like,573.15,208.54,10.1,5787.47,42.22,25.26,0.31,68.24,689,3,2,0,31,0,Low
flow-synth-00962,Government,web_like,458.19,230.57,13.64,6251.59,32.18,25.95,0.26,41.69,568,2,2,1,39,0,Low
flow-synth-00963,Defence,icmp_like,84.51,1.5,1.24,104.43,1013.11,2.69,1.0,59.53,73,0,2,1,27,0,Low
flow-synth-00964,Defence,web_like,805.73,209.16,26.19,21105.37,37.97,20.15,0.36,73.91,1935,4,2,0,45,0,Low
flow-synth-00965,Defence,idle_keepalive,121.0,9.8,0.1,50.0,29807.85,7.58,1.0,70.98,10,0,4,1,20,0,Low
flow-synth-00966,Healthcare,web_like,496.72,133.63,27.76,13790.92,65.67,20.79,0.49,67.49,1873,3,2,0,45,0,Low
flow-synth-00967,Government,video_like_udp,1325.06,116.15,60.58,80270.21,16.66,2.03,0.13,55.93,3388,8,4,1,74,0,Moderate
flow-synth-00968,Defence,icmp_like,89.13,2.08,0.74,65.82,996.55,2.04,1.0,23.28,17,0,2,1,24,0,Low
flow-synth-00969,Government,video_like_udp,1250.03,113.18,53.69,67113.2,19.78,2.28,0.13,59.23,3180,15,2,0,77,0,Moderate
flow-synth-00970,Healthcare,bulk_transfer_like,1428.92,118.69,212.24,303270.66,4.89,2.18,0.09,64.05,13593,8,2,1,64,0,Moderate
flow-synth-00971,Government,video_like_udp,1252.48,89.85,80.38,100677.99,16.79,1.92,0.09,42.07,3381,14,2,1,86,1,High
flow-synth-00972,Defence,web_like,206.57,230.55,9.87,2038.26,31.62,14.9,0.19,50.13,494,2,2,1,33,0,Low
flow-synth-00973,Defence,video_like_udp,1281.99,59.43,68.61,87960.53,13.75,1.57,0.13,64.02,4392,10,2,0,66,0,Moderate
flow-synth-00974,Defence,web_like,351.32,242.29,24.27,8525.0,68.5,25.84,0.48,57.52,1395,2,4,0,57,0,Low
flow-synth-00975,Healthcare,bulk_transfer_like,1394.93,70.32,229.49,320118.69,5.19,1.83,0.09,94.68,21727,4,2,0,65,0,Moderate
flow-synth-00976,Healthcare,video_like_udp,1313.58,88.84,61.65,80979.06,11.17,1.38,0.11,63.52,3915,11,2,1,77,0,Moderate
flow-synth-00977,Defence,icmp_like,80.13,3.18,0.89,71.49,981.0,1.19,1.0,67.2,59,0,4,0,19,0,Low
flow-synth-00978,Government,video_like_udp,1327.41,87.35,51.64,68540.96,18.15,1.75,0.19,60.53,3125,11,2,0,81,1,High
flow-synth-00979,Healthcare,icmp_like,87.57,1.46,0.57,50.0,1007.05,2.28,1.0,94.61,53,0,4,0,15,0,Low
flow-synth-00980,Healthcare,icmp_like,88.47,1.27,0.96,85.31,1014.76,1.21,1.0,76.54,73,0,2,0,12,0,Low
flow-synth-00981,Healthcare,bulk_transfer_like,1291.96,80.45,88.9,114851.98,5.35,1.88,0.09,38.54,3426,8,2,0,71,0,Moderate
flow-synth-00982,Government,bulk_transfer_like,1235.18,76.41,249.03,307593.68,5.65,2.55,0.08,42.59,10605,8,4,0,68,0,Moderate
flow-synth-00983,Government,web_like,531.55,148.75,30.3,16108.48,43.92,10.68,0.28,61.22,1855,4,2,0,46,0,Low
flow-synth-00984,Government,video_like_udp,1221.14,106.71,81.83,99924.63,15.11,0.61,0.15,72.22,5909,17,2,1,77,0,Moderate
flow-synth-00985,Defence,icmp_like,84.61,1.45,1.04,88.34,1009.78,1.92,1.0,80.32,83,0,4,0,11,0,Low
flow-synth-00986,Defence,idle_keepalive,113.95,5.03,0.1,50.0,30252.17,11.85,1.0,46.42,10,0,2,0,21,0,Low
flow-synth-00987,Healthcare,bulk_transfer_like,1317.79,69.56,197.56,260345.6,5.36,1.8,0.04,15.82,3125,7,2,0,62,0,Moderate
flow-synth-00988,Healthcare,video_like_udp,1294.57,80.64,51.32,66438.45,13.44,1.13,0.15,66.92,3434,17,2,0,69,0,Moderate
flow-synth-00989,Healthcare,bulk_transfer_like,1371.68,85.67,226.7,310965.92,6.43,1.37,0.12,55.81,12652,4,2,0,69,0,Moderate
flow-synth-00990,Defence,bulk_transfer_like,1320.94,75.73,118.69,156785.99,4.15,2.68,0.11,45.5,5400,5,2,0,57,0,Moderate
flow-synth-00991,Healthcare,web_like,441.49,164.3,25.22,11136.26,35.84,20.93,0.14,37.55,947,5,2,0,42,0,Low
flow-synth-00992,Government,web_like,420.57,211.19,18.88,7939.8,59.8,13.59,0.19,35.73,674,3,2,0,50,0,Low
flow-synth-00993,Healthcare,bulk_transfer_like,1326.81,74.85,177.83,235942.03,4.77,2.4,0.08,52.6,9353,8,2,0,69,0,Moderate
flow-synth-00994,Government,video_like_udp,1278.59,129.11,70.63,90300.82,13.95,1.28,0.15,68.43,4832,19,2,0,87,1,High
flow-synth-00995,Government,icmp_like,87.23,2.12,1.05,91.22,997.5,0.93,1.0,76.79,80,0,2,0,24,0,Low
flow-synth-00996,Government,web_like,533.57,255.15,7.72,4119.63,38.14,26.02,0.23,80.7,623,2,2,0,52,0,Low
flow-synth-00997,Healthcare,video_like_udp,1322.93,78.99,65.85,87110.02,17.1,2.09,0.14,46.76,3079,15,2,0,81,1,High
flow-synth-00998,Healthcare,icmp_like,85.09,0.75,1.01,85.59,1011.89,1.76,1.0,66.9,67,0,2,0,16,0,Low
flow-synth-00999,Defence,video_like_udp,1181.74,110.43,64.15,75812.89,19.4,1.7,0.11,73.65,4724,12,2,1,71,0,Moderate
flow-synth-01000,Healthcare,idle_keepalive,136.53,8.98,0.1,50.0,30078.99,13.22,1.0,42.93,10,0,2,1,27,0,Low
flow-synth-01001,Government,video_like_udp,1360.17,50.3,77.52,105443.24,11.87,2.79,0.13,88.71,6877,18,2,0,86,1,High
flow-synth-01002,Government,icmp_like,76.69,0.07,1.02,78.06,995.57,2.01,1.0,64.38,65,0,2,0,23,0,Low
flow-synth-01003,Government,video_like_udp,1344.86,50.86,59.93,80600.63,13.85,1.04,0.04,36.38,2180,9,2,0,78,0,Moderate
flow-synth-01004,Government,icmp_like,90.08,0.14,1.15,103.77,991.6,3.1,1.0,62.84,72,0,2,1,10,0,Low
flow-synth-01005,Government,bulk_transfer_like,1361.36,51.45,204.94,278997.69,5.81,2.42,0.08,60.0,12296,7,4,0,71,0,Moderate
flow-synth-01006,Healthcare,bulk_transfer_like,1410.48,72.56,161.05,227163.29,4.32,3.21,0.08,36.52,5881,9,2,0,73,0,Moderate
flow-synth-01007,Government,web_like,455.18,188.69,31.51,14341.35,51.11,28.79,0.35,50.0,1575,2,4,0,37,0,Low
flow-synth-01008,Defence,bulk_transfer_like,1384.44,75.32,172.16,238339.42,5.99,1.74,0.12,56.8,9778,9,2,0,73,0,Moderate
flow-synth-01009,Defence,video_like_udp,1360.39,117.56,52.69,71673.57,17.37,2.31,0.15,68.63,3615,16,2,0,71,0,Moderate
flow-synth-01010,Government,bulk_transfer_like,1404.95,103.13,153.77,216039.89,5.82,2.12,0.07,57.12,8784,4,4,0,70,0,Moderate
flow-synth-01011,Government,web_like,599.7,216.92,34.08,20437.72,52.22,24.49,0.33,43.63,1486,5,2,0,35,0,Low
flow-synth-01012,Healthcare,video_like_udp,1324.89,127.91,63.05,83540.76,13.98,1.51,0.13,99.29,6260,9,4,0,72,0,Moderate
flow-synth-01013,Healthcare,idle_keepalive,106.46,7.59,0.1,50.0,29981.02,10.82,1.0,46.05,10,0,2,1,22,0,Low
flow-synth-01014,Defence,video_like_udp,1259.79,95.04,65.18,82109.57,12.26,3.16,0.14,74.19,4835,8,2,0,69,0,Moderate
flow-synth-01015,Defence,idle_keepalive,117.89,6.74,0.12,50.0,30077.14,7.57,1.0,24.75,10,0,2,0,18,0,Low
flow-synth-01016,Government,web_like,469.67,233.18,11.96,5616.56,39.72,18.39,0.36,50.37,602,2,2,0,52,0,Low
flow-synth-01017,Healthcare,icmp_like,76.86,2.01,1.26,97.09,1008.83,1.94,1.0,82.52,104,0,2,0,24,0,Low
flow-synth-01018,Government,video_like_udp,1353.39,94.24,89.99,121789.4,12.15,2.15,0.17,76.42,6876,15,2,0,79,0,Moderate
flow-synth-01019,Healthcare,video_like_udp,1234.42,103.56,66.97,82666.3,14.33,1.97,0.16,54.08,3621,14,2,0,83,1,High
flow-synth-01020,Defence,icmp_like,84.25,2.92,1.14,96.37,1005.01,0.32,1.0,55.74,63,0,2,1,15,0,Low
flow-synth-01021,Defence,web_like,355.2,159.83,39.39,13990.23,50.31,9.78,0.58,79.35,3125,4,2,0,42,0,Low
flow-synth-01022,Defence,icmp_like,80.95,2.66,0.82,66.09,987.83,2.24,1.0,6.22,10,0,2,0,22,0,Low
flow-synth-01023,Defence,bulk_transfer_like,1354.52,94.51,214.48,290516.08,7.0,2.27,0.1,61.36,13160,11,4,1,62,0,Moderate
flow-synth-01024,Government,video_like_udp,1236.85,130.52,55.74,68943.54,14.46,1.07,0.13,75.64,4216,19,2,0,78,0,Moderate
flow-synth-01025,Government,bulk_transfer_like,1389.7,81.41,198.04,275220.65,6.06,1.88,0.06,90.73,17969,9,2,0,73,0,Moderate
flow-synth-01026,Healthcare,icmp_like,86.83,1.85,1.06,91.69,999.05,2.19,1.0,74.74,78,0,4,1,29,0,Low
flow-synth-01027,Government,bulk_transfer_like,1355.87,79.51,194.5,263723.27,4.86,1.39,0.08,26.38,5131,9,4,0,66,0,Moderate
flow-synth-01028,Healthcare,bulk_transfer_like,1337.51,85.59,219.44,293507.07,6.28,3.49,0.08,42.54,9335,10,2,0,55,0,Moderate
flow-synth-01029,Government,idle_keepalive,110.24,7.35,0.16,50.0,29938.49,11.08,1.0,70.83,11,0,4,0,31,0,Low
flow-synth-01030,Defence,web_like,523.4,176.01,44.23,23149.01,28.96,18.33,0.52,54.65,2416,3,2,0,49,0,Low
flow-synth-01031,Healthcare,video_like_udp,1349.59,123.84,54.62,73714.31,16.76,2.1,0.14,67.99,3713,15,2,1,70,0,Moderate
flow-synth-01032,Healthcare,video_like_udp,1347.0,75.6,52.02,70072.53,16.34,1.28,0.07,73.08,3801,17,2,0,75,0,Moderate
flow-synth-01033,Government,bulk_transfer_like,1381.46,33.09,154.55,213500.2,7.39,1.23,0.09,39.9,6166,10,4,0,61,0,Moderate
flow-synth-01034,Healthcare,bulk_transfer_like,1365.55,90.34,175.5,239656.84,3.68,1.39,0.12,53.36,9364,10,4,0,57,0,Moderate
flow-synth-01035,Healthcare,video_like_udp,1179.52,90.3,65.6,77372.7,15.34,2.09,0.1,34.73,2278,11,2,0,82,1,High
flow-synth-01036,Government,bulk_transfer_like,1377.5,56.52,224.51,309255.44,5.41,2.15,0.07,68.92,15472,7,4,0,58,0,Moderate
flow-synth-01037,Government,video_like_udp,1294.99,102.63,65.63,84993.81,15.68,0.75,0.11,55.19,3622,17,4,0,72,0,Moderate
flow-synth-01038,Defence,web_like,555.3,236.51,15.56,8637.9,53.6,9.93,0.45,68.95,1072,5,2,1,54,0,Low
flow-synth-01039,Healthcare,web_like,540.48,234.72,25.32,13683.99,54.7,13.56,0.41,82.19,2080,2,4,0,41,0,Low
flow-synth-01040,Government,video_like_udp,1251.67,151.8,61.02,76372.88,13.87,1.83,0.11,66.95,4085,16,4,0,80,0,Moderate
flow-synth-01041,Defence,video_like_udp,1313.53,121.85,33.44,43924.31,14.83,1.36,0.14,50.76,1697,10,2,0,81,1,High
flow-synth-01042,Government,icmp_like,90.94,2.28,1.05,95.84,990.61,1.66,1.0,96.46,101,0,4,1,25,0,Low
flow-synth-01043,Government,bulk_transfer_like,1410.44,96.11,219.03,308933.58,5.51,1.25,0.11,42.79,9372,9,4,0,73,0,Moderate
flow-synth-01044,Healthcare,web_like,468.1,183.42,23.31,10909.54,42.72,19.95,0.7,74.43,1734,4,2,0,43,0,Low
flow-synth-01045,Healthcare,video_like_udp,1266.22,93.8,57.9,73320.21,15.93,1.95,0.09,56.23,3256,14,2,1,84,1,High
flow-synth-01046,Healthcare,bulk_transfer_like,1262.31,48.55,157.54,198859.58,4.21,1.55,0.15,74.15,11681,11,4,0,67,0,Moderate
flow-synth-01047,Government,icmp_like,78.61,1.57,0.58,50.0,997.66,3.57,1.0,69.34,39,0,2,0,11,0,Low
flow-synth-01048,Healthcare,icmp_like,81.91,1.27,0.82,66.95,999.82,1.36,1.0,64.43,52,0,4,1,17,0,Low
flow-synth-01049,Healthcare,bulk_transfer_like,1408.59,107.54,188.09,264941.2,5.24,1.28,0.07,39.45,7419,11,4,0,63,0,Moderate
flow-synth-01050,Healthcare,web_like,522.03,303.39,21.98,11473.39,48.22,23.7,0.37,51.81,1138,2,2,0,51,0,Low
flow-synth-01051,Healthcare,icmp_like,81.46,1.81,1.03,83.77,1001.45,0.94,1.0,58.39,60,0,2,1,15,0,Low
flow-synth-01052,Healthcare,bulk_transfer_like,1205.84,43.24,113.36,136695.84,5.82,1.52,0.02,102.42,11610,4,2,0,57,0,Moderate
flow-synth-01053,Defence,video_like_udp,1328.89,35.37,58.35,77537.43,11.98,1.32,0.01,57.26,3340,9,2,1,83,1,High
flow-synth-01054,Defence,video_like_udp,1273.08,56.33,74.83,95260.41,15.15,2.75,0.14,24.09,1802,18,2,0,72,0,Moderate
flow-synth-01055,Government,bulk_transfer_like,1269.24,100.35,86.02,109173.53,6.05,1.92,0.05,51.47,4426,10,2,0,58,0,Moderate
flow-synth-01056,Government,web_like,535.81,200.39,40.03,21446.11,44.67,17.52,0.27,76.4,3057,5,2,0,50,0,Low
flow-synth-01057,Government,video_like_udp,1231.69,61.65,68.53,84411.68,15.13,2.36,0.17,76.78,5262,12,2,0,84,1,High
flow-synth-01058,Healthcare,bulk_transfer_like,1368.24,60.17,184.21,252044.24,5.68,1.2,0.11,39.44,7265,4,2,0,72,0,Moderate
flow-synth-01059,Healthcare,web_like,431.42,229.58,21.27,9175.38,46.0,23.62,0.7,53.63,1140,3,2,1,42,0,Low
flow-synth-01060,Healthcare,idle_keepalive,92.8,5.46,0.14,50.0,29647.97,7.98,1.0,101.11,14,0,4,1,27,0,Low
flow-synth-01061,Government,video_like_udp,1268.04,78.73,61.17,77565.45,15.51,1.11,0.09,37.14,2271,19,2,1,75,0,Moderate
flow-synth-01062,Government,video_like_udp,1235.46,111.51,62.53,77248.85,15.66,1.71,0.16,60.08,3756,18,4,1,81,1,High
flow-synth-01063,Defence,bulk_transfer_like,1411.91,103.25,197.42,278741.42,5.7,0.66,0.06,16.66,3288,5,4,0,66,0,Moderate
flow-synth-01064,Healthcare,idle_keepalive,106.34,8.71,0.1,50.0,30464.65,8.89,1.0,85.45,10,0,2,0,24,0,Low
flow-synth-01065,Defence,icmp_like,85.76,3.63,0.94,80.81,991.93,2.41,1.0,39.72,37,0,2,0,29,0,Low
flow-synth-01066,Government,video_like_udp,1296.95,89.19,64.11,83141.5,17.88,1.21,0.14,59.72,3828,11,4,1,81,1,High
flow-synth-01067,Healthcare,video_like_udp,1258.75,91.71,61.97,78010.94,15.95,2.03,0.13,62.01,3842,19,2,1,77,0,Moderate
flow-synth-01068,Defence,bulk_transfer_like,1350.37,43.75,285.22,385159.32,6.37,1.51,0.09,33.08,9434,4,2,0,68,0,Moderate
flow-synth-01069,Healthcare,web_like,470.69,180.63,12.43,5849.8,36.42,24.51,0.4,43.46,540,3,2,1,57,0,Low
flow-synth-01070,Healthcare,icmp_like,84.64,1.12,1.1,93.31,993.11,2.63,1.0,45.68,50,0,2,1,15,0,Low
flow-synth-01071,Government,bulk_transfer_like,1402.39,110.08,155.5,218066.93,5.44,2.39,0.07,69.02,10731,11,2,1,68,0,Moderate
flow-synth-01072,Defence,web_like,892.96,177.59,18.83,16811.35,31.23,16.94,0.64,90.2,1698,2,4,1,32,0,Low
flow-synth-01073,Healthcare,bulk_transfer_like,1414.54,68.39,198.22,280390.52,6.24,2.99,0.03,38.62,7655,5,4,1,68,0,Moderate
flow-synth-01074,Healthcare,video_like_udp,1333.32,81.01,50.92,67889.89,16.05,1.93,0.08,68.17,3470,10,2,0,78,0,Moderate
flow-synth-01075,Healthcare,video_like_udp,1325.83,46.84,55.77,73947.85,14.74,1.39,0.06,68.41,3815,14,2,0,73,0,Moderate
flow-synth-01076,Government,icmp_like,83.48,3.37,0.8,66.81,983.34,3.51,1.0,37.06,29,0,2,0,10,0,Low
flow-synth-01077,Government,web_like,549.59,225.06,37.42,20563.24,28.04,25.23,0.34,63.72,2384,5,2,1,51,0,Low
flow-synth-01078,Government,web_like,658.77,173.26,19.09,12576.64,16.61,23.83,0.46,39.85,760,3,2,0,32,0,Low
flow-synth-01079,Government,video_like_udp,1272.03,50.64,56.1,71357.94,16.92,1.31,0.07,52.58,2949,18,2,0,75,0,Moderate
flow-synth-01080,Healthcare,web_like,654.59,235.5,21.34,13966.82,33.61,26.79,0.23,55.79,1190,2,2,1,45,0,Low
flow-synth-01081,Defence,bulk_transfer_like,1368.18,92.69,141.75,193938.22,4.98,1.56,0.05,64.26,9108,4,2,1,68,0,Moderate
flow-synth-01082,Healthcare,video_like_udp,1279.48,90.65,77.39,99013.92,14.19,1.13,0.12,52.0,4024,12,2,1,78,0,Moderate
flow-synth-01083,Defence,bulk_transfer_like,1446.38,83.96,260.38,376608.69,4.25,2.39,0.11,77.51,20181,9,4,0,73,0,Moderate
flow-synth-01084,Healthcare,idle_keepalive,118.78,7.97,0.1,50.0,29831.31,12.53,1.0,63.81,10,0,2,1,25,0,Low
flow-synth-01085,Healthcare,web_like,457.87,215.75,34.76,15917.5,47.25,25.78,0.25,81.75,2841,3,2,0,31,0,Low
flow-synth-01086,Defence,bulk_transfer_like,1285.77,94.72,221.08,284259.82,4.74,1.19,0.01,58.83,13005,10,2,1,70,0,Moderate
flow-synth-01087,Healthcare,video_like_udp,1274.85,83.53,68.25,87002.93,17.6,2.15,0.07,36.71,2505,16,2,1,76,0,Moderate
flow-synth-01088,Healthcare,bulk_transfer_like,1343.16,89.79,185.55,249229.53,6.24,2.17,0.08,95.03,17633,6,2,1,57,0,Moderate
flow-synth-01089,Defence,idle_keepalive,113.31,10.23,0.11,50.0,29679.9,7.53,1.0,23.22,10,0,4,0,20,0,Low
flow-synth-01090,Government,idle_keepalive,108.25,8.26,0.1,50.0,29807.11,9.85,1.0,37.76,10,0,2,0,25,0,Low
flow-synth-01091,Government,video_like_udp,1221.43,124.25,79.09,96602.87,12.64,1.79,0.15,15.92,1259,10,4,0,87,1,High
flow-synth-01092,Healthcare,icmp_like,90.07,2.51,0.81,72.61,1000.24,1.66,1.0,76.15,61,0,2,0,27,0,Low
flow-synth-01093,Defence,web_like,522.39,200.26,24.45,12773.57,40.5,16.71,0.57,95.23,2328,5,2,0,51,0,Low
flow-synth-01094,Government,bulk_transfer_like,1415.06,70.46,212.43,300608.01,6.37,1.94,0.07,84.29,17906,10,2,0,62,0,Moderate
flow-synth-01095,Healthcare,idle_keepalive,158.75,5.34,0.1,50.0,30066.48,8.87,1.0,66.32,10,0,2,1,20,0,Low
flow-synth-01096,Healthcare,bulk_transfer_like,1451.05,107.25,177.13,257018.25,8.21,2.43,0.05,31.75,5623,5,2,0,58,0,Moderate
flow-synth-01097,Healthcare,video_like_udp,1295.57,91.35,67.98,88074.53,16.69,1.69,0.14,58.26,3960,13,2,0,79,0,Moderate
flow-synth-01098,Defence,video_like_udp,1333.41,63.88,60.97,81294.57,16.57,1.88,0.15,33.57,2046,19,2,0,84,1,High
flow-synth-01099,Healthcare,bulk_transfer_like,1338.76,75.43,179.96,240917.05,5.71,1.53,0.08,53.72,9666,4,2,0,66,0,Moderate
flow-synth-01100,Defence,bulk_transfer_like,1479.42,103.79,146.88,217295.25,6.36,1.25,0.04,63.28,9293,7,2,0,63,0,Moderate
flow-synth-01101,Government,web_like,575.84,184.71,28.03,16140.99,36.1,2.13,0.43,26.48,742,3,2,0,47,0,Low
flow-synth-01102,Government,icmp_like,82.77,3.94,1.07,88.45,999.71,0.71,1.0,34.75,37,0,4,1,19,0,Low
flow-synth-01103,Healthcare,video_like_udp,1291.69,124.12,70.25,90745.56,15.26,2.48,0.03,47.46,3334,17,2,0,78,0,Moderate
flow-synth-01104,Defence,bulk_transfer_like,1358.16,77.07,220.26,299143.2,4.23,2.26,0.06,65.9,14515,11,2,1,63,0,Moderate
flow-synth-01105,Healthcare,bulk_transfer_like,1331.23,67.66,197.92,263472.7,5.89,1.38,0.09,72.27,14303,10,2,0,60,0,Moderate
flow-synth-01106,Defence,bulk_transfer_like,1358.54,96.61,143.77,195314.35,3.36,1.78,0.06,58.42,8399,5,4,0,64,0,Moderate
flow-synth-01107,Healthcare,icmp_like,82.67,1.55,1.04,86.31,1001.81,1.53,1.0,67.88,70,0,2,0,13,0,Low
flow-synth-01108,Defence,idle_keepalive,116.45,5.38,0.11,50.0,29829.76,12.0,1.0,104.19,11,0,4,0,31,0,Low
flow-synth-01109,Healthcare,web_like,569.68,182.5,32.93,18757.41,32.18,13.7,0.21,22.68,746,2,2,0,33,0,Low
flow-synth-01110,Government,bulk_transfer_like,1409.1,77.2,194.72,274379.45,6.33,1.83,0.1,45.05,8771,4,2,1,55,0,Moderate
flow-synth-01111,Healthcare,bulk_transfer_like,1297.11,107.57,197.45,256109.97,6.22,1.15,0.12,58.49,11547,6,2,0,67,0,Moderate
flow-synth-01112,Government,bulk_transfer_like,1429.19,66.83,156.22,223267.82,6.07,1.75,0.08,28.97,4525,8,4,0,62,0,Moderate
flow-synth-01113,Healthcare,web_like,649.79,218.43,22.85,14846.02,55.0,17.75,0.36,99.67,2277,5,4,1,39,0,Low
flow-synth-01114,Government,video_like_udp,1317.86,105.43,54.15,71366.88,16.74,1.44,0.17,40.58,2197,15,2,0,85,1,High
flow-synth-01115,Defence,bulk_transfer_like,1433.4,65.34,207.39,297278.15,4.74,2.82,0.13,110.11,22835,4,2,0,60,0,Moderate
flow-synth-01116,Government,web_like,490.32,285.81,21.89,10735.4,25.53,16.17,0.56,43.24,946,2,2,1,41,0,Low
flow-synth-01117,Government,web_like,633.74,210.2,32.27,20453.86,53.54,24.89,0.31,80.08,2584,2,2,0,34,0,Low
flow-synth-01118,Healthcare,icmp_like,88.85,2.59,0.79,70.28,1009.9,3.09,1.0,73.25,57,0,4,0,15,0,Low
flow-synth-01119,Defence,icmp_like,84.15,3.71,1.21,101.51,1003.69,0.51,1.0,85.33,102,0,2,1,29,0,Low
flow-synth-01120,Healthcare,web_like,618.09,235.54,37.58,23228.53,45.98,21.88,0.35,32.76,1231,3,2,1,33,0,Low
flow-synth-01121,Healthcare,bulk_transfer_like,1377.56,65.32,161.66,222702.93,5.51,1.17,0.08,33.42,5402,8,2,0,69,0,Moderate
flow-synth-01122,Government,idle_keepalive,108.87,9.05,0.1,50.0,30188.59,10.54,1.0,83.31,10,0,2,1,29,0,Low
flow-synth-01123,Government,icmp_like,83.67,3.1,0.98,82.25,993.01,1.69,1.0,67.82,66,0,2,0,29,0,Low
flow-synth-01124,Healthcare,icmp_like,80.75,1.94,1.37,110.65,982.32,1.66,1.0,45.59,62,0,2,0,14,0,Low
flow-synth-01125,Government,web_like,585.25,226.42,33.72,19733.05,40.26,20.43,0.4,40.26,1357,5,2,1,54,0,Low
flow-synth-01126,Healthcare,icmp_like,81.73,1.41,1.2,97.85,1004.16,3.4,1.0,55.7,66,0,2,1,26,0,Low
flow-synth-01127,Healthcare,web_like,443.94,243.16,21.35,9478.81,55.96,28.48,0.1,68.63,1465,3,2,0,45,0,Low
flow-synth-01128,Healthcare,bulk_transfer_like,1299.56,94.35,230.73,299840.62,6.43,1.57,0.06,49.04,11315,5,2,0,73,0,Moderate
flow-synth-01129,Healthcare,web_like,680.0,146.84,20.74,14102.03,38.27,18.91,0.1,72.27,1498,2,4,1,39,0,Low
flow-synth-01130,Government,bulk_transfer_like,1411.2,51.57,250.09,352929.36,2.49,1.64,0.07,71.63,17915,6,2,0,67,0,Moderate
flow-synth-01131,Healthcare,video_like_udp,1223.34,109.41,88.64,108431.58,15.38,2.28,0.08,8.47,750,9,2,0,76,0,Moderate
flow-synth-01132,Healthcare,icmp_like,81.71,1.4,1.14,92.8,1006.96,0.66,1.0,62.53,71,0,2,0,16,0,Low
flow-synth-01133,Healthcare,web_like,472.48,207.53,33.2,15687.54,43.35,17.75,0.33,81.05,2690,3,2,0,44,0,Low
flow-synth-01134,Healthcare,web_like,575.83,143.5,21.48,12366.87,28.16,20.9,0.55,69.03,1482,2,2,1,48,0,Low
flow-synth-01135,Healthcare,bulk_transfer_like,1372.49,76.2,206.76,283776.52,5.81,1.81,0.07,39.6,8188,6,2,0,73,0,Moderate
flow-synth-01136,Defence,bulk_transfer_like,1344.41,94.53,138.9,186740.85,6.52,2.32,0.13,28.6,3972,7,2,0,62,0,Moderate
flow-synth-01137,Defence,video_like_udp,1302.75,71.92,69.37,90366.87,17.9,1.97,0.15,76.33,5294,12,2,0,83,1,High
flow-synth-01138,Healthcare,web_like,562.79,246.75,24.74,13922.99,51.95,8.8,0.4,56.05,1386,4,2,0,44,0,Low
flow-synth-01139,Government,web_like,505.84,199.41,31.63,15998.54,55.57,17.37,0.19,61.98,1960,5,2,0,39,0,Low
flow-synth-01140,Defence,bulk_transfer_like,1366.44,72.25,187.8,256615.22,5.01,1.56,0.08,32.29,6063,10,2,1,73,0,Moderate
flow-synth-01141,Healthcare,bulk_transfer_like,1357.84,79.11,169.5,230155.9,6.43,1.27,0.06,61.06,10349,9,2,0,64,0,Moderate
flow-synth-01142,Government,idle_keepalive,127.09,8.44,0.1,50.0,30283.18,5.78,1.0,25.88,10,0,2,0,22,0,Low
flow-synth-01143,Government,web_like,623.89,242.71,32.81,20469.6,43.42,19.58,0.25,29.08,954,3,4,0,33,0,Low
flow-synth-01144,Government,video_like_udp,1255.72,74.1,61.28,76945.03,13.9,1.34,0.07,72.88,4465,12,2,0,85,1,High
flow-synth-01145,Defence,bulk_transfer_like,1314.7,65.45,97.95,128774.74,6.4,2.94,0.07,92.87,9096,5,2,0,58,0,Moderate
flow-synth-01146,Government,bulk_transfer_like,1374.53,76.0,132.69,182392.71,2.63,2.18,0.04,9.19,1220,6,2,0,56,0,Moderate
flow-synth-01147,Government,video_like_udp,1292.04,86.17,75.03,96937.47,17.32,1.69,0.19,82.83,6214,10,2,0,79,0,Moderate
flow-synth-01148,Healthcare,video_like_udp,1227.11,108.66,71.71,87994.37,16.27,2.03,0.17,44.15,3166,10,2,1,75,0,Moderate
flow-synth-01149,Government,web_like,337.65,221.45,34.01,11483.4,58.52,29.14,0.13,61.05,2076,2,2,1,53,0,Low
flow-synth-01150,Healthcare,bulk_transfer_like,1395.09,72.5,242.74,338645.76,4.55,2.49,0.12,32.45,7877,8,2,0,65,0,Moderate
flow-synth-01151,Healthcare,bulk_transfer_like,1394.92,90.29,135.32,188759.9,2.9,2.35,0.1,83.67,11322,11,4,1,65,0,Moderate
flow-synth-01152,Defence,video_like_udp,1221.77,64.9,66.25,80945.19,16.86,1.65,0.15,45.8,3034,12,4,0,87,1,High
flow-synth-01153,Healthcare,video_like_udp,1261.79,145.63,73.02,92131.6,14.84,1.0,0.17,49.72,3630,9,2,0,83,1,High
flow-synth-01154,Healthcare,bulk_transfer_like,1400.39,105.12,227.51,318601.7,4.52,1.41,0.09,72.7,16540,11,2,0,60,0,Moderate
flow-synth-01155,Government,icmp_like,81.14,2.06,0.99,79.98,985.33,2.15,1.0,61.89,61,0,2,1,19,0,Low
flow-synth-01156,Healthcare,bulk_transfer_like,1451.86,107.04,123.12,178745.83,4.51,1.63,0.06,70.53,8682,9,2,0,73,0,Moderate
flow-synth-01157,Healthcare,web_like,409.98,131.37,33.25,13632.05,28.41,13.49,0.52,61.4,2041,4,2,1,38,0,Low
flow-synth-01158,Defence,video_like_udp,1315.03,107.8,58.65,77123.4,15.24,1.21,0.14,57.16,3352,11,2,0,85,1,High
flow-synth-01159,Government,video_like_udp,1177.31,132.74,48.35,56923.42,16.35,1.92,0.12,61.38,2967,16,2,0,80,0,Moderate
flow-synth-01160,Government,icmp_like,81.94,2.83,1.14,93.72,998.79,1.54,1.0,26.27,30,0,2,1,15,0,Low
flow-synth-01161,Defence,idle_keepalive,103.82,9.85,0.12,50.0,29902.28,5.29,1.0,43.48,10,0,4,0,15,0,Low
flow-synth-01162,Government,idle_keepalive,124.17,6.31,0.1,50.0,29726.78,13.17,1.0,61.64,10,0,2,1,32,0,Low
flow-synth-01163,Healthcare,icmp_like,94.53,2.06,1.26,118.93,987.99,1.42,1.0,38.4,48,0,2,1,23,0,Low
flow-synth-01164,Healthcare,web_like,559.33,256.04,28.41,15892.04,45.63,16.27,0.5,58.63,1665,3,2,0,50,0,Low
flow-synth-01165,Defence,bulk_transfer_like,1348.15,73.95,201.23,271293.72,4.38,1.45,0.05,100.91,20307,10,2,1,58,0,Moderate
flow-synth-01166,Government,web_like,574.05,238.07,18.53,10637.41,36.48,18.79,0.27,51.52,954,5,4,0,52,0,Low
flow-synth-01167,Defence,video_like_udp,1241.72,113.35,48.62,60376.03,16.73,2.14,0.08,43.59,2119,11,4,0,70,0,Moderate
flow-synth-01168,Government,video_like_udp,1217.33,110.09,65.42,79637.07,14.5,1.86,0.1,58.87,3851,10,2,0,86,1,High
flow-synth-01169,Government,web_like,640.55,230.83,20.74,13286.67,31.84,11.54,0.32,77.74,1612,3,2,0,30,0,Low
flow-synth-01170,Government,web_like,450.46,197.07,13.29,5984.71,52.72,19.57,0.38,5.0,66,5,2,1,43,0,Low
flow-synth-01171,Government,video_like_udp,1319.69,107.35,77.53,102314.64,11.42,1.47,0.13,71.43,5538,9,2,0,69,0,Moderate
flow-synth-01172,Healthcare,video_like_udp,1230.4,104.56,58.56,72049.76,17.09,2.05,0.13,5.0,292,8,2,0,81,1,High
flow-synth-01173,Defence,bulk_transfer_like,1371.36,85.99,134.56,184533.89,5.89,2.21,0.08,83.79,11274,11,2,1,66,0,Moderate
flow-synth-01174,Defence,web_like,536.61,267.01,22.73,12195.07,30.16,19.9,0.57,94.19,2140,2,2,0,30,0,Low
flow-synth-01175,Healthcare,web_like,422.59,203.81,23.52,9938.96,49.27,13.57,0.16,67.56,1589,2,2,0,55,0,Low
flow-synth-01176,Government,bulk_transfer_like,1377.63,51.69,175.71,242069.41,4.65,1.85,0.06,67.08,11786,9,2,0,68,0,Moderate
flow-synth-01177,Government,web_like,611.66,197.76,31.74,19415.55,30.33,8.88,0.2,38.49,1221,2,4,1,33,0,Low
flow-synth-01178,Healthcare,idle_keepalive,125.18,7.91,0.14,50.0,29686.02,16.18,1.0,43.14,10,0,2,1,29,0,Low
flow-synth-01179,Defence,video_like_udp,1234.3,118.07,74.06,91406.55,15.33,1.77,0.14,55.97,4144,16,2,0,70,0,Moderate
flow-synth-01180,Defence,icmp_like,93.25,2.96,0.87,80.78,993.9,2.21,1.0,95.94,83,0,4,0,16,0,Low
flow-synth-01181,Defence,web_like,708.34,169.28,16.71,11833.37,32.57,23.09,0.68,49.87,833,2,2,1,52,0,Low
flow-synth-01182,Government,video_like_udp,1359.71,137.16,53.71,73025.73,18.52,0.83,0.1,76.85,4127,16,2,0,87,1,High
flow-synth-01183,Defence,video_like_udp,1294.68,49.14,55.93,72414.6,14.89,1.46,0.12,68.03,3804,15,4,1,67,0,Moderate
flow-synth-01184,Government,bulk_transfer_like,1351.3,97.94,196.89,266061.43,4.15,2.06,0.07,56.58,11141,11,4,0,68,0,Moderate
flow-synth-01185,Government,web_like,441.7,233.78,21.74,9600.76,37.63,21.07,0.43,46.04,1000,2,2,1,57,0,Low
flow-synth-01186,Healthcare,video_like_udp,1274.89,95.94,68.01,86701.03,14.02,2.03,0.11,95.02,6462,17,4,0,84,1,High
flow-synth-01187,Government,bulk_transfer_like,1334.02,88.26,132.31,176497.72,4.39,2.78,0.09,83.26,11016,7,4,1,69,0,Moderate
flow-synth-01188,Healthcare,bulk_transfer_like,1452.45,110.86,166.57,241933.04,4.11,1.46,0.03,74.21,12360,8,2,0,74,0,Moderate
flow-synth-01189,Government,bulk_transfer_like,1358.73,66.4,113.43,154123.23,5.78,2.97,0.06,61.37,6961,4,2,1,72,0,Moderate
flow-synth-01190,Healthcare,bulk_transfer_like,1391.38,73.05,133.74,186079.51,7.04,2.83,0.08,78.11,10446,9,4,0,55,0,Moderate
flow-synth-01191,Healthcare,video_like_udp,1092.01,90.19,69.99,76432.87,13.25,1.61,0.17,50.32,3521,14,4,0,69,0,Moderate
flow-synth-01192,Defence,idle_keepalive,126.57,9.67,0.1,50.0,29854.19,8.68,1.0,65.81,10,0,4,0,29,0,Low
flow-synth-01193,Healthcare,bulk_transfer_like,1331.9,103.59,154.17,205333.17,4.05,2.5,0.14,22.59,3482,11,2,0,58,0,Moderate
flow-synth-01194,Defence,web_like,500.85,190.92,24.94,12492.26,62.63,21.23,0.38,84.34,2103,5,2,0,52,0,Low
flow-synth-01195,Healthcare,web_like,372.28,215.41,22.99,8560.17,16.61,11.25,0.21,80.69,1855,2,4,0,48,0,Low
flow-synth-01196,Healthcare,web_like,350.57,214.14,23.33,8180.22,43.11,26.3,0.28,87.7,2046,5,2,1,32,0,Low
flow-synth-01197,Healthcare,bulk_transfer_like,1364.45,92.32,178.21,243159.69,3.17,1.84,0.08,87.96,15674,10,2,0,59,0,Moderate
flow-synth-01198,Healthcare,bulk_transfer_like,1413.6,69.17,175.92,248680.65,6.31,2.74,0.11,58.72,10330,11,2,0,69,0,Moderate
flow-synth-01199,Government,icmp_like,86.81,1.61,1.01,88.07,1014.4,1.74,1.0,51.65,52,0,4,1,25,0,Low
flow-synth-01200,Defence,bulk_transfer_like,1342.67,64.28,184.86,248200.9,5.18,2.27,0.1,64.63,11947,6,4,1,57,0,Moderate
flow-synth-01201,Defence,icmp_like,84.99,1.46,1.23,104.96,991.51,0.71,1.0,69.18,85,0,4,0,17,0,Low
flow-synth-01202,Healthcare,icmp_like,89.25,0.68,1.46,130.66,997.16,0.59,1.0,27.45,40,0,4,0,25,0,Low
flow-synth-01203,Healthcare,icmp_like,86.5,2.44,1.16,100.36,1006.08,2.39,1.0,93.28,108,0,4,0,10,0,Low
flow-synth-01204,Healthcare,idle_keepalive,112.86,7.02,0.1,50.0,29775.82,4.89,1.0,50.05,10,0,2,1,32,0,Low
flow-synth-01205,Government,icmp_like,88.45,1.26,1.03,90.93,1005.37,2.1,1.0,86.75,89,0,2,1,19,0,Low
flow-synth-01206,Healthcare,web_like,519.34,238.9,6.09,3162.96,55.12,11.48,0.18,24.29,147,3,2,0,52,0,Low
flow-synth-01207,Defence,web_like,561.77,171.37,18.61,10454.23,39.39,16.99,0.43,77.1,1434,3,2,1,49,0,Low
flow-synth-01208,Healthcare,bulk_transfer_like,1333.23,86.47,160.71,214259.58,5.36,1.56,0.06,70.88,11391,8,2,0,66,0,Moderate
flow-synth-01209,Healthcare,icmp_like,83.76,1.93,1.01,84.62,1004.68,2.27,1.0,59.55,60,0,2,0,19,0,Low
flow-synth-01210,Defence,video_like_udp,1232.97,84.67,68.79,84817.92,15.89,2.33,0.13,19.05,1310,8,4,0,78,0,Moderate
flow-synth-01211,Government,web_like,658.49,243.8,13.72,9033.84,42.68,11.3,0.31,69.72,956,3,2,0,58,0,Low
flow-synth-01212,Healthcare,bulk_transfer_like,1382.31,70.56,114.37,158094.42,6.02,2.09,0.05,95.74,10950,10,4,0,72,0,Moderate
flow-synth-01213,Healthcare,bulk_transfer_like,1340.47,109.91,231.14,309832.85,4.3,2.72,0.06,22.67,5238,4,2,1,60,0,Moderate
flow-synth-01214,Government,idle_keepalive,121.31,5.98,0.11,50.0,30130.37,8.58,1.0,33.2,10,0,2,1,15,0,Low
flow-synth-01215,Government,bulk_transfer_like,1342.78,96.82,148.0,198729.18,5.54,2.25,0.09,99.48,14722,11,2,1,61,0,Moderate
flow-synth-01216,Healthcare,idle_keepalive,110.42,9.22,0.11,50.0,30003.81,11.82,1.0,54.35,10,0,2,0,30,0,Low
flow-synth-01217,Healthcare,web_like,493.51,180.38,20.92,10322.11,55.6,18.87,0.22,80.61,1685,2,2,1,46,0,Low
flow-synth-01218,Government,web_like,649.47,247.49,30.64,19900.55,46.47,19.32,0.55,81.98,2511,5,2,0,59,0,Low
flow-synth-01219,Government,bulk_transfer_like,1382.0,77.49,126.51,174837.04,5.1,2.37,0.05,58.61,7414,7,2,0,71,0,Moderate
flow-synth-01220,Defence,video_like_udp,1256.81,67.55,59.51,74793.75,14.79,1.85,0.06,67.55,4020,15,4,0,85,1,High
flow-synth-01221,Healthcare,bulk_transfer_like,1425.9,77.06,145.64,207663.85,6.49,2.2,0.1,49.49,7208,10,2,1,62,0,Moderate
flow-synth-01222,Government,video_like_udp,1277.12,80.66,70.13,89560.01,16.96,1.83,0.15,87.94,6166,17,2,1,71,0,Moderate
flow-synth-01223,Healthcare,video_like_udp,1302.25,95.78,62.38,81237.29,16.26,2.17,0.14,53.36,3328,17,2,0,84,1,High
flow-synth-01224,Defence,idle_keepalive,104.89,8.34,0.1,50.0,30096.51,11.98,1.0,74.95,10,0,2,1,15,0,Low
flow-synth-01225,Defence,idle_keepalive,120.68,7.66,0.1,50.0,29799.58,13.37,1.0,68.58,10,0,4,1,26,0,Low
flow-synth-01226,Government,web_like,465.18,193.07,26.9,12513.71,33.73,17.93,0.37,58.6,1576,3,4,1,56,0,Low
flow-synth-01227,Government,web_like,601.02,256.48,37.47,22521.82,33.05,6.0,0.36,28.23,1057,5,2,0,33,0,Low
flow-synth-01228,Healthcare,idle_keepalive,139.44,8.49,0.13,50.0,30252.44,7.25,1.0,61.21,10,0,2,1,24,0,Low
flow-synth-01229,Healthcare,video_like_udp,1331.36,115.21,62.8,83613.8,18.63,1.69,0.12,72.0,4522,19,2,1,85,1,High
flow-synth-01230,Defence,icmp_like,85.39,1.04,1.06,90.54,984.61,2.32,1.0,53.89,57,0,4,0,15,0,Low
flow-synth-01231,Defence,video_like_udp,1269.76,94.29,59.99,76171.59,17.15,1.27,0.09,62.43,3744,14,4,1,77,0,Moderate
flow-synth-01232,Defence,video_like_udp,1220.1,84.34,60.11,73335.41,18.31,1.78,0.08,52.81,3173,13,2,0,76,0,Moderate
flow-synth-01233,Healthcare,web_like,483.62,189.75,31.96,15458.75,46.43,7.74,0.53,70.33,2248,5,2,1,51,0,Low
flow-synth-01234,Defence,video_like_udp,1294.61,97.87,72.69,94102.48,15.65,1.31,0.1,77.26,5615,12,4,0,76,0,Moderate
flow-synth-01235,Government,bulk_transfer_like,1322.65,74.36,154.52,204381.92,7.35,1.25,0.08,57.83,8936,9,2,0,63,0,Moderate
flow-synth-01236,Defence,web_like,532.86,243.7,18.46,9835.25,36.78,18.06,0.38,88.68,1636,5,2,0,51,0,Low
flow-synth-01237,Government,bulk_transfer_like,1281.73,64.0,157.89,202374.62,5.04,2.54,0.07,68.32,10786,9,4,0,74,0,Moderate
flow-synth-01238,Healthcare,icmp_like,83.49,1.79,1.03,86.18,1015.37,1.9,1.0,74.86,77,0,2,0,11,0,Low
flow-synth-01239,Healthcare,idle_keepalive,141.87,8.26,0.1,50.0,30124.25,8.88,1.0,71.8,10,0,2,0,23,0,Low
flow-synth-01240,Government,video_like_udp,1351.68,48.51,57.15,77251.15,15.41,2.01,0.18,60.49,3457,18,2,0,86,1,High
flow-synth-01241,Government,web_like,324.05,257.88,17.99,5829.32,54.52,18.73,0.16,65.23,1173,4,2,1,59,0,Low
flow-synth-01242,Government,icmp_like,78.36,2.28,0.7,54.98,1012.95,1.87,1.0,83.9,58,0,2,0,12,0,Low
flow-synth-01243,Healthcare,bulk_transfer_like,1426.47,94.14,164.98,235344.34,5.19,2.32,0.15,61.53,10151,9,4,1,64,0,Moderate
flow-synth-01244,Healthcare,web_like,735.42,145.68,11.03,8111.92,25.25,20.18,0.35,54.41,600,4,2,0,48,0,Low
flow-synth-01245,Defence,icmp_like,84.08,1.95,1.26,105.59,979.5,2.2,1.0,61.42,77,0,4,1,22,0,Low
flow-synth-01246,Defence,video_like_udp,1224.54,88.29,62.94,77075.78,16.61,1.7,0.13,96.96,6102,9,2,1,72,0,Moderate
flow-synth-01247,Government,web_like,670.96,201.97,20.76,13930.73,54.36,29.89,0.54,103.44,2147,2,2,0,35,0,Low
flow-synth-01248,Defence,bulk_transfer_like,1334.6,72.05,194.02,258939.09,6.76,1.82,0.07,76.19,14781,5,4,1,71,0,Moderate
flow-synth-01249,Defence,web_like,675.56,148.97,19.22,12987.04,51.84,15.19,0.28,80.37,1545,2,4,1,39,0,Low
flow-synth-01250,Defence,video_like_udp,1278.93,94.57,54.42,69599.09,17.44,1.77,0.09,73.43,3995,18,2,1,74,0,Moderate
flow-synth-01251,Defence,bulk_transfer_like,1393.57,67.45,97.86,136375.62,5.93,2.14,0.1,55.47,5428,9,2,0,65,0,Moderate
flow-synth-01252,Defence,bulk_transfer_like,1462.61,65.32,142.42,208300.22,4.36,2.83,0.06,69.4,9883,5,2,0,67,0,Moderate
flow-synth-01253,Defence,icmp_like,84.41,1.01,1.1,93.14,1021.56,1.7,1.0,74.48,82,0,2,1,26,0,Low
flow-synth-01254,Defence,web_like,633.79,181.77,38.01,24090.01,34.95,21.75,0.43,19.49,740,4,4,1,47,0,Low
flow-synth-01255,Government,icmp_like,85.15,3.17,1.12,95.15,998.73,2.6,1.0,47.55,53,0,4,0,13,0,Low
flow-synth-01256,Healthcare,web_like,650.71,222.72,26.68,17360.66,61.06,9.8,0.19,82.03,2188,5,2,0,59,0,Low
flow-synth-01257,Defence,video_like_udp,1298.72,87.41,51.24,66550.86,16.21,0.57,0.13,86.86,4451,12,4,0,86,1,High
flow-synth-01258,Healthcare,bulk_transfer_like,1261.11,105.37,187.61,236595.96,5.04,2.61,0.13,99.61,18688,7,2,0,63,0,Moderate
flow-synth-01259,Government,video_like_udp,1209.69,52.7,71.96,87046.14,18.33,1.69,0.1,43.59,3136,17,4,0,75,0,Moderate
flow-synth-01260,Healthcare,web_like,652.98,184.09,26.9,17564.81,35.88,19.09,0.53,71.76,1930,5,2,0,48,0,Low
flow-synth-01261,Government,video_like_udp,1212.77,101.48,64.05,77674.52,14.7,0.35,0.09,66.05,4230,16,4,0,70,0,Moderate
flow-synth-01262,Healthcare,web_like,532.5,153.73,23.39,12455.17,59.96,14.33,0.36,74.69,1747,2,2,0,54,0,Low
flow-synth-01263,Healthcare,icmp_like,78.15,1.86,0.71,55.12,997.04,2.57,1.0,65.61,46,0,2,0,17,0,Low
flow-synth-01264,Government,web_like,468.21,176.12,24.17,11318.48,49.83,25.17,0.32,34.95,844,3,2,0,30,0,Low
flow-synth-01265,Defence,video_like_udp,1196.96,116.45,77.5,92762.59,20.52,2.53,0.1,48.16,3732,14,2,0,84,1,High
flow-synth-01266,Defence,video_like_udp,1343.71,92.16,60.17,80856.84,13.75,1.93,0.13,67.77,4077,18,2,0,70,0,Moderate
flow-synth-01267,Defence,bulk_transfer_like,1425.42,66.81,246.03,350694.77,6.67,1.94,0.01,52.05,12805,10,2,0,57,0,Moderate
flow-synth-01268,Defence,icmp_like,78.46,2.99,0.84,66.29,992.2,2.79,1.0,59.35,50,0,2,1,23,0,Low
flow-synth-01269,Healthcare,bulk_transfer_like,1350.16,83.27,178.8,241405.81,3.49,1.98,0.08,79.8,14267,5,2,0,73,0,Moderate
flow-synth-01270,Healthcare,icmp_like,83.08,1.2,1.02,85.14,1006.15,2.96,1.0,30.21,30,0,4,1,21,0,Low
flow-synth-01271,Government,icmp_like,84.16,0.22,1.15,97.2,1014.86,1.11,1.0,86.9,100,0,4,1,14,0,Low
flow-synth-01272,Healthcare,web_like,507.42,209.08,16.75,8500.33,14.36,17.13,0.36,62.06,1039,4,2,0,52,0,Low
flow-synth-01273,Defence,bulk_transfer_like,1361.08,64.99,168.02,228685.82,5.5,1.27,0.07,67.75,11383,4,4,1,59,0,Moderate
flow-synth-01274,Defence,bulk_transfer_like,1322.39,86.61,190.36,251734.22,3.69,2.1,0.1,89.41,17019,5,2,0,73,0,Moderate
flow-synth-01275,Government,web_like,530.66,269.94,23.04,12225.67,23.14,15.4,0.32,55.41,1276,5,2,0,44,0,Low
flow-synth-01276,Healthcare,bulk_transfer_like,1374.84,72.55,238.96,328528.06,4.97,2.15,0.1,68.22,16301,11,2,1,70,0,Moderate
flow-synth-01277,Defence,bulk_transfer_like,1394.87,72.73,188.83,263396.93,5.92,1.11,0.07,59.35,11206,4,4,0,58,0,Moderate
flow-synth-01278,Healthcare,video_like_udp,1300.0,99.15,72.37,94080.87,16.34,1.57,0.16,99.52,7202,15,4,0,81,1,High
flow-synth-01279,Government,web_like,792.6,153.83,31.88,25269.6,25.7,19.06,0.45,34.26,1092,4,2,1,40,0,Low
flow-synth-01280,Defence,web_like,358.18,228.78,11.98,4289.81,22.45,20.72,0.51,96.67,1157,3,2,0,58,0,Low
flow-synth-01281,Government,web_like,586.67,217.53,27.96,16403.95,47.83,8.3,0.68,21.38,597,4,2,0,55,0,Low
flow-synth-01282,Defence,idle_keepalive,125.84,9.84,0.1,50.0,29991.34,6.85,1.0,31.05,10,0,2,0,26,0,Low
flow-synth-01283,Healthcare,video_like_udp,1229.38,81.62,70.64,86843.79,14.58,2.18,0.13,65.12,4599,8,2,0,80,0,Moderate
flow-synth-01284,Government,web_like,413.42,164.14,5.1,2109.34,40.08,26.72,0.61,66.48,339,4,2,1,49,0,Low
flow-synth-01285,Defence,idle_keepalive,109.65,7.53,0.12,50.0,30077.58,11.68,1.0,83.21,10,0,2,0,17,0,Low
flow-synth-01286,Defence,web_like,427.93,177.41,20.36,8711.51,37.75,30.99,0.56,36.64,745,2,4,1,59,0,Low
flow-synth-01287,Healthcare,web_like,651.5,258.87,14.86,9683.35,28.02,14.34,0.19,44.39,659,4,2,0,44,0,Low
flow-synth-01288,Defence,web_like,569.53,220.04,17.37,9895.25,50.23,14.16,0.38,71.83,1248,2,2,0,58,0,Low
flow-synth-01289,Healthcare,bulk_transfer_like,1385.62,67.66,135.95,188380.55,7.37,2.25,0.09,68.8,9354,10,2,1,66,0,Moderate
flow-synth-01290,Healthcare,icmp_like,86.12,0.93,1.02,88.11,999.7,2.26,1.0,62.33,63,0,2,1,22,0,Low
flow-synth-01291,Healthcare,bulk_transfer_like,1352.21,64.97,123.59,167112.52,4.57,1.53,0.04,66.53,8221,6,4,1,68,0,Moderate
flow-synth-01292,Healthcare,bulk_transfer_like,1401.02,73.79,210.65,295126.65,6.64,2.05,0.09,55.53,11698,7,2,0,69,0,Moderate
flow-synth-01293,Government,bulk_transfer_like,1326.88,57.0,175.08,232308.64,5.9,0.9,0.12,85.04,14888,7,2,0,67,0,Moderate
flow-synth-01294,Defence,icmp_like,87.66,1.64,0.96,83.87,998.64,1.38,1.0,51.13,48,0,2,0,15,0,Low
flow-synth-01295,Government,icmp_like,82.92,3.61,1.19,98.62,1009.35,2.3,1.0,75.62,89,0,2,0,17,0,Low
flow-synth-01296,Healthcare,web_like,261.16,248.75,12.66,3305.99,58.69,20.38,0.55,43.74,553,3,2,1,58,0,Low
flow-synth-01297,Defence,idle_keepalive,145.94,6.22,0.12,50.0,30222.66,9.12,1.0,70.95,10,0,2,0,31,0,Low
flow-synth-01298,Defence,video_like_udp,1228.52,100.67,46.81,57507.85,17.69,1.82,0.1,81.48,3814,10,2,0,85,1,High
flow-synth-01299,Government,bulk_transfer_like,1343.23,108.61,221.76,297871.68,7.94,2.35,0.08,28.3,6274,10,4,1,72,0,Moderate
flow-synth-01300,Government,icmp_like,81.73,3.8,1.4,114.78,1018.31,1.85,1.0,24.36,34,0,2,1,15,0,Low
flow-synth-01301,Defence,video_like_udp,1232.54,87.69,70.15,86468.38,10.96,2.13,0.13,54.03,3790,13,4,0,84,1,High
flow-synth-01302,Defence,web_like,504.94,221.02,20.3,10252.37,57.6,18.53,0.55,64.16,1302,5,2,1,41,0,Low
flow-synth-01303,Healthcare,video_like_udp,1324.63,143.96,58.14,77016.62,18.85,3.04,0.1,40.33,2345,12,2,0,70,0,Moderate
flow-synth-01304,Healthcare,bulk_transfer_like,1307.02,46.11,199.21,260375.38,5.91,1.91,0.11,40.02,7973,4,2,0,64,0,Moderate
flow-synth-01305,Government,web_like,625.79,166.1,22.64,14167.76,38.69,19.53,0.56,26.96,610,5,2,0,54,0,Low
flow-synth-01306,Healthcare,web_like,543.78,272.47,18.37,9988.3,39.88,24.15,0.51,61.24,1124,3,4,1,58,0,Low
flow-synth-01307,Healthcare,bulk_transfer_like,1355.48,82.13,119.56,162068.32,5.4,2.81,0.14,67.74,8099,4,4,0,59,0,Moderate
flow-synth-01308,Government,icmp_like,87.52,1.26,1.09,95.68,995.61,1.74,1.0,33.68,36,0,2,1,24,0,Low
flow-synth-01309,Government,web_like,488.75,242.92,24.33,11892.32,29.12,20.75,0.29,95.89,2333,4,2,0,51,0,Low
flow-synth-01310,Defence,web_like,552.2,279.46,28.73,15866.46,52.03,11.68,0.45,25.91,744,5,2,0,37,0,Low
flow-synth-01311,Government,web_like,530.86,242.94,31.57,16756.48,48.05,14.75,0.1,50.1,1581,3,4,0,44,0,Low
flow-synth-01312,Defence,icmp_like,85.92,1.01,0.79,68.19,1001.38,2.69,1.0,79.96,63,0,4,0,21,0,Low
flow-synth-01313,Government,bulk_transfer_like,1322.73,82.4,198.03,261942.88,5.75,2.37,0.09,39.72,7865,7,2,0,64,0,Moderate
flow-synth-01314,Government,video_like_udp,1245.15,122.38,49.27,61348.35,14.52,1.43,0.06,56.26,2771,15,2,0,85,1,High
flow-synth-01315,Government,video_like_udp,1286.99,100.96,72.86,93764.73,19.16,1.12,0.12,53.09,3868,8,4,0,78,0,Moderate
flow-synth-01316,Defence,web_like,516.62,181.7,28.36,14653.0,38.51,17.53,0.37,55.44,1572,4,4,0,34,0,Low
flow-synth-01317,Healthcare,web_like,648.66,228.37,31.34,20330.55,38.28,14.06,0.24,35.35,1107,2,2,0,33,0,Low
flow-synth-01318,Defence,video_like_udp,1372.72,129.39,69.95,96028.18,19.9,2.19,0.11,67.45,4718,9,2,1,75,0,Moderate
flow-synth-01319,Government,idle_keepalive,131.55,11.01,0.1,50.0,29772.19,2.63,1.0,40.38,10,0,4,1,24,0,Low
flow-synth-01320,Healthcare,video_like_udp,1282.41,96.95,84.05,107789.03,15.18,1.94,0.05,47.34,3978,8,2,0,83,1,High
flow-synth-01321,Defence,icmp_like,91.07,2.21,1.39,126.47,997.81,4.02,1.0,100.74,139,0,2,0,22,0,Low
flow-synth-01322,Government,bulk_transfer_like,1350.02,115.38,101.65,137228.22,5.68,1.9,0.06,73.16,7436,9,2,0,60,0,Moderate
flow-synth-01323,Defence,bulk_transfer_like,1388.39,108.33,171.21,237708.09,4.48,2.21,0.08,59.38,10166,10,2,0,59,0,Moderate
flow-synth-01324,Healthcare,video_like_udp,1286.03,85.53,50.79,65311.46,13.02,2.06,0.15,51.04,2592,19,2,0,78,0,Moderate
flow-synth-01325,Defence,web_like,445.9,199.05,15.58,6947.68,36.29,10.84,0.13,72.52,1129,5,2,0,49,0,Low
flow-synth-01326,Defence,web_like,565.75,159.74,20.75,11740.34,50.31,15.31,0.19,105.15,2182,4,2,0,48,0,Low
flow-synth-01327,Government,video_like_udp,1193.38,85.17,64.34,76784.21,13.89,1.57,0.06,18.8,1209,19,2,1,81,1,High
flow-synth-01328,Defence,video_like_udp,1297.1,110.07,58.14,75407.82,14.44,2.93,0.09,37.56,2183,15,2,0,85,1,High
flow-synth-01329,Government,video_like_udp,1256.36,104.22,60.97,76598.06,17.74,1.92,0.19,61.81,3768,14,2,0,78,0,Moderate
flow-synth-01330,Healthcare,web_like,463.3,314.06,34.48,15973.62,44.81,22.6,0.24,39.06,1346,5,2,1,31,0,Low
flow-synth-01331,Defence,web_like,574.06,225.4,21.13,12131.08,39.63,14.43,0.46,19.36,409,2,2,1,40,0,Low
flow-synth-01332,Government,bulk_transfer_like,1423.71,77.79,253.26,360571.54,3.39,1.04,0.07,79.55,20147,7,2,0,64,0,Moderate
flow-synth-01333,Healthcare,web_like,421.09,186.99,21.91,9224.58,47.93,18.77,0.43,62.62,1371,3,2,0,37,0,Low
flow-synth-01334,Government,video_like_udp,1328.46,33.92,63.96,84970.14,14.45,1.87,0.16,60.38,3862,13,4,0,69,0,Moderate
flow-synth-01335,Defence,video_like_udp,1313.47,92.2,44.87,58931.01,13.67,2.25,0.01,55.57,2493,18,2,0,84,1,High
flow-synth-01336,Healthcare,video_like_udp,1349.55,98.54,77.32,104347.62,18.09,1.16,0.14,94.51,7307,13,2,1,76,0,Moderate
flow-synth-01337,Government,bulk_transfer_like,1336.02,63.61,218.22,291540.85,4.06,1.56,0.05,66.82,14580,8,2,1,56,0,Moderate
flow-synth-01338,Healthcare,icmp_like,82.99,1.89,0.83,69.1,1003.48,2.84,1.0,39.63,32,0,4,0,21,0,Low
flow-synth-01339,Healthcare,video_like_udp,1272.45,103.96,57.97,73763.76,17.98,3.03,0.14,59.18,3430,12,2,0,82,1,High
flow-synth-01340,Defence,bulk_transfer_like,1318.95,87.4,239.09,315343.4,7.84,2.94,0.11,49.95,11941,9,2,0,55,0,Moderate
flow-synth-01341,Defence,bulk_transfer_like,1366.71,89.06,171.11,233851.24,6.89,1.99,0.07,47.37,8104,5,2,1,69,0,Moderate
flow-synth-01342,Healthcare,bulk_transfer_like,1406.8,65.86,230.18,323816.49,5.7,3.71,0.06,71.75,16516,11,2,0,72,0,Moderate
flow-synth-01343,Defence,bulk_transfer_like,1384.56,67.94,151.97,210404.42,5.67,2.2,0.05,74.07,11255,6,2,0,58,0,Moderate
flow-synth-01344,Healthcare,video_like_udp,1256.22,92.81,75.12,94373.42,14.09,2.0,0.06,62.43,4689,17,4,0,82,1,High
flow-synth-01345,Defence,bulk_transfer_like,1374.13,78.13,180.37,247850.75,4.8,1.65,0.05,32.16,5800,9,2,1,61,0,Moderate
flow-synth-01346,Defence,web_like,586.93,289.51,40.41,23719.45,31.77,16.37,0.59,97.75,3950,5,2,0,38,0,Low
flow-synth-01347,Healthcare,web_like,433.83,219.55,13.81,5990.84,42.18,20.32,0.38,74.28,1025,4,2,0,32,0,Low
flow-synth-01348,Government,video_like_udp,1253.27,97.31,48.08,60256.1,16.83,2.23,0.09,84.45,4060,11,2,0,73,0,Moderate
flow-synth-01349,Defence,web_like,356.44,255.32,40.48,14429.96,45.02,21.59,0.56,54.49,2205,5,2,0,55,0,Low
flow-synth-01350,Healthcare,web_like,609.01,212.46,33.21,20224.44,47.46,23.93,0.47,44.5,1477,5,4,1,36,0,Low
flow-synth-01351,Healthcare,bulk_transfer_like,1336.03,117.91,173.99,232452.14,5.74,2.06,0.06,92.47,16088,7,2,0,68,0,Moderate
flow-synth-01352,Healthcare,icmp_like,79.8,1.54,0.97,77.32,995.94,0.86,1.0,56.29,54,0,2,0,11,0,Low
flow-synth-01353,Government,idle_keepalive,127.98,9.3,0.13,50.0,29601.62,8.0,1.0,54.98,10,0,4,0,15,0,Low
flow-synth-01354,Healthcare,bulk_transfer_like,1391.24,131.46,199.99,278239.01,3.11,1.88,0.08,41.1,8220,5,2,0,69,0,Moderate
flow-synth-01355,Defence,bulk_transfer_like,1365.58,115.16,202.43,276430.19,6.23,1.46,0.09,36.36,7359,5,2,1,59,0,Moderate
flow-synth-01356,Healthcare,web_like,454.83,201.05,26.64,12118.91,35.22,18.86,0.49,44.18,1177,4,2,1,45,0,Low
flow-synth-01357,Government,web_like,636.07,160.26,18.25,11610.36,43.42,11.21,0.56,105.59,1927,3,2,0,46,0,Low
flow-synth-01358,Healthcare,idle_keepalive,114.97,7.73,0.1,50.0,29917.62,15.43,1.0,71.58,10,0,2,0,25,0,Low
flow-synth-01359,Healthcare,video_like_udp,1306.09,114.26,57.23,74743.75,17.46,2.58,0.06,78.48,4491,14,4,0,77,0,Moderate
flow-synth-01360,Healthcare,web_like,332.24,189.23,22.43,7450.98,19.73,9.74,0.39,65.23,1462,4,2,1,38,0,Low
flow-synth-01361,Government,bulk_transfer_like,1303.1,46.97,198.71,258936.8,4.7,2.72,0.03,60.17,11957,7,4,1,60,0,Moderate
flow-synth-01362,Healthcare,web_like,325.7,219.64,11.65,3793.84,49.63,10.88,0.48,51.41,598,5,2,1,41,0,Low
flow-synth-01363,Healthcare,bulk_transfer_like,1358.8,63.48,155.64,211485.59,4.8,1.47,0.1,30.16,4694,5,4,0,64,0,Moderate
flow-synth-01364,Government,web_like,457.42,147.6,27.52,12588.51,52.11,15.27,0.24,66.16,1820,3,4,1,38,0,Low
flow-synth-01365,Government,icmp_like,82.72,0.61,0.74,60.95,1008.46,3.16,1.0,45.7,33,0,4,0,26,0,Low
flow-synth-01366,Healthcare,idle_keepalive,114.89,7.55,0.11,50.0,29841.36,12.75,1.0,83.73,10,0,2,0,30,0,Low
flow-synth-01367,Healthcare,icmp_like,82.55,1.4,0.6,50.0,1000.83,1.98,1.0,63.62,38,0,4,1,27,0,Low
flow-synth-01368,Government,icmp_like,81.25,1.15,0.95,76.9,992.91,1.34,1.0,83.17,78,0,2,0,17,0,Low
flow-synth-01369,Healthcare,video_like_udp,1250.85,73.31,72.13,90218.67,13.39,1.89,0.07,40.64,2931,19,2,0,82,1,High
flow-synth-01370,Defence,idle_keepalive,112.32,11.14,0.12,50.0,30083.71,4.19,1.0,50.45,10,0,4,0,18,0,Low
flow-synth-01371,Defence,video_like_udp,1227.17,72.71,42.94,52690.99,16.81,2.09,0.18,68.3,2932,9,2,1,82,1,High
flow-synth-01372,Defence,web_like,478.53,217.06,29.42,14077.69,45.01,24.51,0.34,98.17,2888,3,2,0,50,0,Low
flow-synth-01373,Government,idle_keepalive,133.52,9.49,0.11,50.0,29844.63,7.4,1.0,75.55,10,0,2,0,18,0,Low
flow-synth-01374,Healthcare,video_like_udp,1283.73,95.56,71.64,91964.15,14.82,0.86,0.14,37.38,2677,17,2,1,83,1,High
flow-synth-01375,Healthcare,bulk_transfer_like,1355.72,51.76,186.62,253003.89,6.66,1.42,0.12,75.38,14066,4,2,0,58,0,Moderate
flow-synth-01376,Defence,web_like,337.72,239.62,14.05,4746.34,40.15,25.54,0.57,86.52,1215,3,2,0,46,0,Low
flow-synth-01377,Healthcare,web_like,514.76,229.95,18.88,9720.14,25.26,7.26,0.47,88.47,1670,2,2,0,45,0,Low
flow-synth-01378,Defence,web_like,412.5,239.07,23.29,9607.57,46.66,13.13,0.51,46.92,1092,4,2,1,47,0,Low
flow-synth-01379,Government,icmp_like,81.24,0.59,0.74,60.16,985.38,2.81,1.0,29.71,21,0,2,1,25,0,Low
flow-synth-01380,Defence,icmp_like,85.42,2.39,1.23,105.49,999.22,1.38,1.0,104.23,128,0,2,0,24,0,Low
flow-synth-01381,Healthcare,video_like_udp,1254.89,106.98,67.75,85016.12,11.48,1.49,0.13,77.92,5279,18,2,1,76,0,Moderate
flow-synth-01382,Government,bulk_transfer_like,1344.9,87.48,208.08,279844.58,7.02,2.61,0.04,25.66,5338,11,4,0,55,0,Moderate
flow-synth-01383,Defence,video_like_udp,1285.79,100.66,79.19,101819.05,16.17,2.5,0.09,75.01,5939,19,2,0,79,0,Moderate
flow-synth-01384,Government,icmp_like,77.97,1.58,1.38,107.84,1017.9,2.48,1.0,57.81,79,0,2,1,26,0,Low
flow-synth-01385,Healthcare,bulk_transfer_like,1365.98,63.86,176.9,241642.56,6.17,1.82,0.1,67.85,12003,8,2,1,64,0,Moderate
flow-synth-01386,Defence,video_like_udp,1339.44,78.37,55.44,74262.02,13.23,1.89,0.05,57.95,3212,13,2,0,78,0,Moderate
flow-synth-01387,Defence,bulk_transfer_like,1372.86,90.05,195.75,268740.24,3.09,1.46,0.09,63.99,12526,9,2,0,62,0,Moderate
flow-synth-01388,Government,bulk_transfer_like,1348.46,97.71,228.4,307989.61,5.83,2.43,0.06,107.88,24640,7,2,0,61,0,Moderate
flow-synth-01389,Defence,bulk_transfer_like,1354.45,83.42,165.53,224199.35,7.35,3.66,0.1,27.8,4601,6,4,1,59,0,Moderate
flow-synth-01390,Government,bulk_transfer_like,1364.62,76.18,134.68,183781.43,3.92,1.94,0.04,36.37,4898,7,2,0,56,0,Moderate
flow-synth-01391,Defence,web_like,518.3,150.91,28.55,14795.23,37.73,5.67,0.3,95.86,2736,4,2,0,43,0,Low
flow-synth-01392,Defence,icmp_like,80.85,2.23,1.39,112.6,1003.35,1.71,1.0,29.45,41,0,2,1,16,0,Low
flow-synth-01393,Government,icmp_like,91.83,1.32,1.15,105.82,1003.86,1.93,1.0,51.29,59,0,4,1,15,0,Low
flow-synth-01394,Healthcare,icmp_like,83.03,1.24,0.81,66.91,1007.4,1.21,1.0,69.25,55,0,2,0,13,0,Low
flow-synth-01395,Government,bulk_transfer_like,1393.61,120.42,201.15,280327.27,5.75,1.43,0.12,53.3,10722,9,4,0,72,0,Moderate
flow-synth-01396,Government,bulk_transfer_like,1377.48,71.3,159.94,220317.38,4.22,2.12,0.08,68.57,10967,10,2,0,58,0,Moderate
flow-synth-01397,Defence,web_like,521.58,193.81,23.81,12421.12,43.76,16.2,0.55,64.42,1534,2,2,1,51,0,Low
flow-synth-01398,Government,idle_keepalive,128.69,8.68,0.12,50.0,29943.89,12.22,1.0,87.11,10,0,2,1,19,0,Low
flow-synth-01399,Defence,icmp_like,84.67,2.63,0.88,74.67,987.59,1.68,1.0,52.45,46,0,2,0,22,0,Low
flow-synth-01400,Healthcare,icmp_like,84.39,3.46,0.64,54.3,991.28,2.9,1.0,31.38,20,0,2,0,21,0,Low
flow-synth-01401,Defence,web_like,328.45,200.19,11.85,3892.97,42.55,22.49,0.62,64.03,758,4,4,1,37,0,Low
flow-synth-01402,Government,web_like,595.61,209.22,16.74,9968.68,47.42,16.16,0.34,51.3,858,3,2,0,43,0,Low
flow-synth-01403,Government,bulk_transfer_like,1293.49,34.17,135.66,175474.99,3.62,2.3,0.06,49.24,6679,4,2,0,60,0,Moderate
flow-synth-01404,Government,video_like_udp,1260.66,94.83,60.45,76208.75,13.55,1.26,0.15,80.79,4884,16,2,0,80,0,Moderate
flow-synth-01405,Healthcare,web_like,446.29,261.62,25.06,11183.35,36.05,16.09,0.55,64.74,1622,4,2,0,37,0,Low
flow-synth-01406,Government,bulk_transfer_like,1405.22,111.95,239.42,336438.79,3.05,2.16,0.11,103.19,24706,8,2,0,70,0,Moderate
flow-synth-01407,Government,video_like_udp,1231.86,98.33,83.7,103103.01,19.96,1.62,0.2,76.05,6365,19,2,1,66,0,Moderate
flow-synth-01408,Defence,bulk_transfer_like,1359.57,37.59,181.65,246967.0,5.52,2.51,0.03,94.11,17094,11,4,1,58,0,Moderate
flow-synth-01409,Government,video_like_udp,1301.74,56.68,53.98,70261.67,14.8,2.05,0.12,30.54,1648,19,2,0,66,0,Moderate
flow-synth-01410,Healthcare,bulk_transfer_like,1350.88,77.67,213.9,288949.41,6.46,1.53,0.09,98.3,21027,7,2,0,67,0,Moderate
flow-synth-01411,Defence,web_like,520.61,212.0,18.77,9772.16,29.11,12.04,0.22,5.0,93,4,2,1,54,0,Low
flow-synth-01412,Government,bulk_transfer_like,1266.53,64.33,180.2,228228.41,5.54,1.8,0.01,37.78,6807,9,4,1,71,0,Moderate
flow-synth-01413,Government,idle_keepalive,96.04,7.77,0.1,50.0,29959.12,13.21,1.0,40.19,10,0,4,1,20,0,Low
flow-synth-01414,Healthcare,web_like,532.94,147.05,26.98,14376.87,28.62,16.33,0.34,65.62,1770,2,2,0,56,0,Low
flow-synth-01415,Healthcare,web_like,571.02,152.81,18.64,10644.84,54.42,17.56,0.27,46.21,861,5,4,0,50,0,Low
flow-synth-01416,Healthcare,idle_keepalive,109.73,6.9,0.1,50.0,29744.07,6.63,1.0,44.47,10,0,2,0,33,0,Low
flow-synth-01417,Healthcare,bulk_transfer_like,1330.27,75.59,137.36,182720.06,5.21,1.47,0.09,41.29,5671,10,2,0,59,0,Moderate
flow-synth-01418,Defence,web_like,587.1,217.04,13.09,7685.72,58.67,24.69,0.38,55.91,731,5,2,0,40,0,Low
flow-synth-01419,Healthcare,web_like,497.49,177.45,17.84,8876.47,45.84,10.11,0.55,49.32,880,5,2,0,55,0,Low
flow-synth-01420,Healthcare,bulk_transfer_like,1345.79,79.54,152.59,205357.68,5.47,1.58,0.08,43.64,6659,11,2,0,59,0,Moderate
flow-synth-01421,Defence,icmp_like,90.11,2.97,1.02,91.49,991.49,1.36,1.0,57.2,58,0,2,1,20,0,Low
flow-synth-01422,Healthcare,icmp_like,86.6,3.4,1.07,92.32,990.28,1.28,1.0,70.51,75,0,2,0,10,0,Low
flow-synth-01423,Defence,bulk_transfer_like,1386.5,85.73,142.12,197050.28,4.73,1.61,0.11,65.91,9366,11,2,1,69,0,Moderate
flow-synth-01424,Government,idle_keepalive,94.99,10.91,0.1,50.0,30130.68,13.16,1.0,8.76,10,0,2,0,22,0,Low
flow-synth-01425,Healthcare,video_like_udp,1276.15,117.19,75.3,96097.54,15.11,2.27,0.1,52.88,3981,11,2,0,74,0,Moderate
flow-synth-01426,Healthcare,video_like_udp,1334.4,108.03,65.63,87574.43,13.31,1.86,0.23,75.91,4981,8,2,0,65,0,Moderate
flow-synth-01427,Government,web_like,583.53,214.26,22.89,13355.62,57.18,14.42,0.46,44.57,1020,4,4,0,44,0,Low
flow-synth-01428,Defence,idle_keepalive,112.46,5.91,0.1,50.0,29918.6,15.55,1.0,47.8,10,0,4,1,30,0,Low
flow-synth-01429,Healthcare,web_like,605.21,278.97,11.9,7199.85,36.75,14.92,0.41,23.52,279,5,2,1,56,0,Low
flow-synth-01430,Government,bulk_transfer_like,1386.14,94.43,147.5,204459.84,4.08,1.9,0.08,57.84,8531,6,2,0,66,0,Moderate
flow-synth-01431,Healthcare,bulk_transfer_like,1347.51,93.93,288.06,388158.83,5.95,3.37,0.06,47.56,13699,6,2,0,65,0,Moderate
flow-synth-01432,Government,idle_keepalive,125.24,8.27,0.1,50.0,29746.87,7.76,1.0,65.83,10,0,2,0,19,0,Low
flow-synth-01433,Healthcare,web_like,456.45,228.23,19.61,8953.19,41.37,17.75,0.35,82.88,1625,2,2,0,46,0,Low
flow-synth-01434,Government,icmp_like,87.74,2.26,1.08,94.57,998.63,1.61,1.0,52.91,57,0,2,0,27,0,Low
flow-synth-01435,Defence,video_like_udp,1252.72,106.18,75.83,94987.89,15.72,2.42,0.15,55.98,4244,10,4,0,72,0,Moderate
flow-synth-01436,Healthcare,icmp_like,84.19,1.9,0.74,61.94,1003.6,3.29,1.0,63.08,46,0,2,0,26,0,Low
flow-synth-01437,Government,video_like_udp,1294.37,99.0,51.33,66439.48,15.19,1.89,0.08,57.35,2943,12,2,0,80,0,Moderate
flow-synth-01438,Healthcare,web_like,547.82,163.6,28.82,15787.12,29.03,24.7,0.35,76.62,2207,5,2,1,54,0,Low
flow-synth-01439,Government,bulk_transfer_like,1380.28,75.38,151.81,209546.19,6.43,2.01,0.09,57.73,8764,9,2,0,59,0,Moderate
flow-synth-01440,Defence,bulk_transfer_like,1375.07,87.68,166.42,228836.21,4.88,2.25,0.09,47.45,7896,11,2,1,55,0,Moderate
flow-synth-01441,Government,video_like_udp,1289.58,103.27,52.21,67329.62,12.77,0.67,0.12,32.72,1708,11,4,1,72,0,Moderate
flow-synth-01442,Government,bulk_transfer_like,1456.15,93.08,132.73,193268.33,6.86,2.78,0.12,43.84,5818,5,4,0,63,0,Moderate
flow-synth-01443,Government,bulk_transfer_like,1308.43,112.82,161.45,211240.99,5.63,1.89,0.09,63.66,10276,6,2,0,70,0,Moderate
flow-synth-01444,Government,web_like,674.71,254.16,33.24,22424.99,52.42,29.08,0.36,56.84,1889,4,2,0,33,0,Low
flow-synth-01445,Healthcare,web_like,539.53,244.38,35.64,19230.62,34.94,16.88,0.73,56.01,1996,3,2,0,30,0,Low
flow-synth-01446,Defence,web_like,621.9,210.74,44.53,27691.1,39.48,20.11,0.29,77.41,3446,2,4,1,52,0,Low
flow-synth-01447,Defence,icmp_like,81.71,2.82,0.76,62.41,993.77,0.57,1.0,80.14,61,0,2,0,23,0,Low
flow-synth-01448,Government,icmp_like,83.29,1.12,1.01,83.83,1000.27,2.36,1.0,29.47,29,0,4,1,15,0,Low
flow-synth-01449,Healthcare,icmp_like,88.15,2.27,0.57,50.53,984.05,2.99,1.0,63.86,36,0,2,1,18,0,Low
flow-synth-01450,Defence,web_like,479.18,167.67,14.58,6988.22,60.75,23.33,0.66,59.44,866,4,2,0,51,0,Low
flow-synth-01451,Defence,bulk_transfer_like,1414.32,72.94,228.43,323075.81,5.52,2.42,0.13,56.66,12941,6,2,1,72,0,Moderate
flow-synth-01452,Healthcare,icmp_like,83.75,2.16,0.88,73.75,1006.17,0.95,1.0,63.72,56,0,2,0,11,0,Low
flow-synth-01453,Defence,web_like,476.04,251.85,15.97,7604.33,23.49,12.54,0.71,41.66,665,2,2,0,53,0,Low
flow-synth-01454,Defence,bulk_transfer_like,1397.93,90.99,245.66,343416.67,3.23,2.42,0.08,38.47,9449,6,2,1,66,0,Moderate
flow-synth-01455,Healthcare,idle_keepalive,90.03,5.23,0.13,50.0,29912.34,8.68,1.0,40.7,10,0,2,0,18,0,Low
flow-synth-01456,Defence,video_like_udp,1307.27,50.84,71.24,93128.8,14.46,1.19,0.14,40.81,2907,13,2,1,70,0,Moderate
flow-synth-01457,Government,bulk_transfer_like,1306.81,69.24,172.68,225665.13,4.1,2.98,0.04,86.92,15010,10,2,0,58,0,Moderate
flow-synth-01458,Defence,icmp_like,87.68,3.11,1.06,93.31,992.09,0.78,1.0,20.96,22,0,2,0,17,0,Low
flow-synth-01459,Healthcare,bulk_transfer_like,1338.86,86.37,139.24,186419.93,5.04,1.7,0.07,68.71,9567,6,2,0,60,0,Moderate
flow-synth-01460,Defence,web_like,722.41,212.29,11.67,8427.66,72.35,21.5,0.52,58.73,685,4,2,1,54,0,Low
flow-synth-01461,Government,video_like_udp,1258.89,88.27,56.69,71368.65,17.79,1.96,0.13,84.92,4814,9,2,1,74,0,Moderate
flow-synth-01462,Defence,icmp_like,88.13,0.98,1.31,115.85,1006.64,2.24,1.0,21.19,27,0,2,1,11,0,Low
flow-synth-01463,Healthcare,video_like_udp,1266.01,91.95,65.37,82762.76,18.02,1.47,0.11,75.32,4924,12,2,0,71,0,Moderate
flow-synth-01464,Government,bulk_transfer_like,1341.63,75.13,210.33,282178.83,5.05,2.57,0.02,69.68,14654,10,2,0,58,0,Moderate
flow-synth-01465,Healthcare,bulk_transfer_like,1358.1,98.14,121.93,165587.93,4.7,2.03,0.12,59.07,7202,6,2,0,65,0,Moderate
flow-synth-01466,Government,video_like_udp,1319.14,118.1,51.79,68320.29,20.6,1.94,0.14,47.57,2463,14,2,0,78,0,Moderate
flow-synth-01467,Healthcare,icmp_like,92.45,1.71,1.19,110.15,995.25,1.48,1.0,83.11,99,0,4,0,26,0,Low
flow-synth-01468,Government,bulk_transfer_like,1346.28,85.16,219.12,294990.48,6.84,2.77,0.05,83.5,18296,8,2,0,63,0,Moderate
flow-synth-01469,Defence,web_like,356.14,244.03,33.85,12056.43,33.54,11.32,0.44,58.2,1970,4,2,0,37,0,Low
flow-synth-01470,Defence,bulk_transfer_like,1405.92,73.57,199.24,280113.38,5.34,1.57,0.05,70.51,14047,5,2,1,66,0,Moderate
flow-synth-01471,Government,video_like_udp,1344.86,93.02,66.14,88955.59,15.41,2.42,0.11,41.4,2738,18,2,1,68,0,Moderate
flow-synth-01472,Defence,bulk_transfer_like,1393.33,86.7,166.65,232202.06,4.7,0.84,0.08,53.36,8892,8,4,0,66,0,Moderate
flow-synth-01473,Healthcare,web_like,415.14,189.03,19.52,8101.75,35.64,26.62,0.39,65.62,1280,2,2,0,46,0,Low
flow-synth-01474,Defence,video_like_udp,1320.45,122.36,76.36,100835.98,19.34,1.55,0.09,75.67,5778,10,2,0,87,1,High
flow-synth-01475,Government,web_like,618.36,233.25,24.0,14842.9,39.72,13.15,0.47,102.71,2465,3,2,0,54,0,Low
flow-synth-01476,Government,web_like,502.98,197.67,21.23,10676.26,34.26,13.62,0.32,32.68,693,5,2,0,47,0,Low
flow-synth-01477,Government,idle_keepalive,142.09,7.34,0.1,50.0,30076.76,10.16,1.0,56.05,10,0,2,0,18,0,Low
flow-synth-01478,Government,idle_keepalive,121.09,8.14,0.13,50.0,29660.79,16.1,1.0,69.72,10,0,2,1,26,0,Low
flow-synth-01479,Healthcare,bulk_transfer_like,1346.47,71.06,188.77,254177.14,5.54,1.67,0.01,53.57,10111,9,2,0,70,0,Moderate
flow-synth-01480,Defence,video_like_udp,1265.71,62.87,60.87,77039.54,13.78,1.63,0.05,53.45,3253,18,2,0,83,1,High
flow-synth-01481,Defence,video_like_udp,1272.32,73.34,73.07,92966.04,16.41,1.77,0.09,68.29,4989,10,2,0,85,1,High
flow-synth-01482,Defence,video_like_udp,1295.45,120.03,71.94,93192.38,17.21,1.82,0.13,66.45,4780,18,2,0,84,1,High
flow-synth-01483,Government,bulk_transfer_like,1298.57,79.34,205.29,266589.19,7.88,1.74,0.05,80.07,16437,11,2,0,63,0,Moderate
flow-synth-01484,Healthcare,bulk_transfer_like,1319.36,92.98,203.16,268037.63,5.25,2.12,0.07,65.27,13260,7,2,1,62,0,Moderate
flow-synth-01485,Government,web_like,464.1,205.57,25.2,11694.58,59.59,25.36,0.47,64.98,1637,5,2,1,41,0,Low
flow-synth-01486,Healthcare,video_like_udp,1235.85,78.17,63.14,78027.26,13.93,1.84,0.14,81.87,5168,14,2,0,73,0,Moderate
flow-synth-01487,Healthcare,video_like_udp,1259.59,77.4,86.95,109523.12,15.35,1.68,0.03,17.55,1526,15,2,0,77,0,Moderate
flow-synth-01488,Defence,bulk_transfer_like,1355.37,38.93,155.82,211189.05,4.97,2.17,0.07,35.28,5497,6,2,1,72,0,Moderate
flow-synth-01489,Healthcare,bulk_transfer_like,1416.13,71.1,167.55,237272.11,6.07,2.01,0.12,60.22,10089,9,2,0,59,0,Moderate
flow-synth-01490,Defence,bulk_transfer_like,1307.59,58.6,198.04,258950.37,5.62,2.78,0.13,29.94,5929,7,4,0,68,0,Moderate
flow-synth-01491,Healthcare,video_like_udp,1252.1,90.67,67.49,84506.3,16.23,2.14,0.13,70.5,4758,13,2,1,78,0,Moderate
flow-synth-01492,Government,web_like,277.26,176.63,18.47,5121.45,43.42,13.18,0.39,55.79,1030,4,2,0,34,0,Low
flow-synth-01493,Healthcare,web_like,486.15,205.97,20.37,9903.15,48.29,22.91,0.34,44.59,908,5,2,1,35,0,Low
flow-synth-01494,Healthcare,video_like_udp,1356.03,87.13,79.3,107535.86,14.32,0.79,0.14,64.97,5152,8,4,0,67,0,Moderate
flow-synth-01495,Defence,web_like,646.95,165.28,31.22,20199.2,36.39,23.98,0.35,41.44,1293,5,2,0,30,0,Low
flow-synth-01496,Healthcare,bulk_transfer_like,1409.79,68.85,89.6,126322.83,6.16,0.48,0.05,108.45,9717,6,2,0,65,0,Moderate
flow-synth-01497,Defence,video_like_udp,1256.58,137.91,67.76,85143.14,13.69,2.12,0.17,73.2,4960,8,2,1,66,0,Moderate
flow-synth-01498,Government,bulk_transfer_like,1304.62,91.97,170.58,222540.34,3.95,2.64,0.12,58.12,9914,5,2,1,70,0,Moderate
flow-synth-01499,Defence,icmp_like,91.97,2.28,0.86,79.35,1005.36,2.67,1.0,62.66,54,0,2,0,11,0,Low
flow-synth-01500,Defence,web_like,604.73,227.5,19.38,11720.39,23.88,37.73,0.38,58.96,1142,3,4,0,53,0,Low
flow-synth-01501,Healthcare,video_like_udp,1244.08,90.28,76.69,95410.74,16.12,1.99,0.07,53.01,4065,19,2,0,80,0,Moderate
flow-synth-01502,Defence,web_like,668.82,214.3,13.77,9209.77,27.29,18.09,0.45,58.05,799,2,2,0,56,0,Low
flow-synth-01503,Defence,video_like_udp,1204.22,93.81,58.17,70054.45,18.43,1.59,0.13,35.38,2058,9,2,1,68,0,Moderate
flow-synth-01504,Healthcare,web_like,616.11,215.95,26.93,16591.86,51.33,11.16,0.49,34.62,932,4,2,1,50,0,Low
flow-synth-01505,Government,bulk_transfer_like,1344.59,73.86,155.31,208833.05,4.75,1.08,0.04,60.89,9457,9,2,0,61,0,Moderate
flow-synth-01506,Government,web_like,451.53,271.5,27.78,12542.22,52.91,20.05,0.68,46.63,1295,2,2,0,44,0,Low
flow-synth-01507,Defence,icmp_like,78.42,1.96,1.31,102.47,996.9,2.63,1.0,58.18,76,0,2,1,22,0,Low
flow-synth-01508,Government,bulk_transfer_like,1404.59,38.42,188.02,264088.17,6.57,1.33,0.06,71.45,13433,8,2,0,66,0,Moderate
flow-synth-01509,Defence,video_like_udp,1250.68,74.61,80.53,100713.56,14.09,2.05,0.21,77.76,6261,17,2,0,66,0,Moderate
flow-synth-01510,Defence,icmp_like,82.84,2.02,1.01,83.5,1022.48,1.9,1.0,64.47,64,0,2,0,14,0,Low
flow-synth-01511,Defence,bulk_transfer_like,1293.22,109.04,142.1,183765.11,7.0,2.05,0.12,82.7,11750,7,2,1,69,0,Moderate
flow-synth-01512,Government,icmp_like,81.44,3.09,0.78,63.22,1001.1,1.07,1.0,62.52,48,0,2,0,25,0,Low
flow-synth-01513,Government,video_like_udp,1295.22,88.9,69.38,89867.56,13.13,1.84,0.09,55.3,3836,11,4,1,68,0,Moderate
flow-synth-01514,Defence,web_like,436.3,213.48,22.26,9710.29,48.74,7.07,0.37,68.39,1521,3,2,0,57,0,Low
flow-synth-01515,Defence,icmp_like,88.3,2.66,1.22,107.56,996.58,2.39,1.0,83.77,102,0,2,0,23,0,Low
flow-synth-01516,Government,web_like,506.17,171.29,28.52,14433.84,28.06,32.0,0.59,121.75,3471,2,2,0,30,0,Low
flow-synth-01517,Defence,video_like_udp,1301.21,51.61,61.87,80507.55,15.35,1.49,0.12,47.13,2916,17,4,1,66,0,Moderate
flow-synth-01518,Government,video_like_udp,1278.41,101.32,59.47,76026.86,18.21,2.48,0.06,73.27,4357,15,2,0,84,1,High
flow-synth-01519,Healthcare,idle_keepalive,159.04,8.96,0.1,50.0,29926.58,10.09,1.0,32.67,10,0,2,0,22,0,Low
flow-synth-01520,Government,bulk_transfer_like,1364.58,76.81,143.43,195720.1,6.98,1.33,0.08,63.64,9127,6,2,1,62,0,Moderate
flow-synth-01521,Healthcare,video_like_udp,1199.4,136.79,74.84,89761.44,15.55,1.38,0.1,61.18,4578,17,2,0,69,0,Moderate
flow-synth-01522,Defence,bulk_transfer_like,1342.11,94.37,173.61,232997.18,4.79,0.84,0.08,81.93,14224,10,2,0,68,0,Moderate
flow-synth-01523,Defence,web_like,676.96,243.56,24.71,16727.86,45.98,12.13,0.35,112.56,2781,3,2,1,30,0,Low
flow-synth-01524,Defence,icmp_like,90.72,1.55,0.62,56.6,992.82,3.26,1.0,29.66,18,0,2,0,20,0,Low
flow-synth-01525,Defence,web_like,564.83,207.05,26.55,14996.03,40.43,19.18,0.47,36.05,957,4,2,0,45,0,Low
flow-synth-01526,Healthcare,idle_keepalive,97.71,8.73,0.1,50.0,29915.92,8.9,1.0,42.7,10,0,2,0,34,0,Low
flow-synth-01527,Healthcare,bulk_transfer_like,1395.9,75.56,220.45,307731.83,4.51,2.09,0.03,37.92,8358,4,2,0,66,0,Moderate
flow-synth-01528,Healthcare,web_like,434.63,170.37,21.71,9434.13,65.42,18.47,0.58,70.14,1522,2,2,1,31,0,Low
flow-synth-01529,Government,web_like,691.31,213.38,37.87,26178.46,34.54,6.27,0.17,49.94,1890,3,2,1,32,0,Low
flow-synth-01530,Healthcare,video_like_udp,1229.32,79.26,51.67,63524.0,16.46,1.07,0.14,72.56,3749,12,4,0,67,0,Moderate
flow-synth-01531,Defence,web_like,357.27,271.99,28.11,10042.39,51.0,13.45,0.49,60.25,1693,3,2,0,48,0,Low
flow-synth-01532,Government,icmp_like,88.55,2.82,1.34,118.84,995.1,2.62,1.0,67.42,90,0,4,0,22,0,Low
flow-synth-01533,Healthcare,web_like,459.15,176.14,37.95,17426.14,39.43,11.98,0.35,33.99,1290,2,4,1,57,0,Low
flow-synth-01534,Defence,icmp_like,87.41,2.74,0.94,82.36,1000.65,2.16,1.0,69.21,65,0,2,1,10,0,Low
flow-synth-01535,Healthcare,video_like_udp,1254.99,108.3,53.7,67392.01,20.49,2.27,0.11,64.69,3473,19,2,0,71,0,Moderate
flow-synth-01536,Government,bulk_transfer_like,1384.05,62.06,177.17,245212.77,5.58,1.65,0.05,55.47,9827,8,4,0,58,0,Moderate
flow-synth-01537,Healthcare,bulk_transfer_like,1384.1,58.12,110.37,152761.39,5.92,1.5,0.08,68.63,7574,5,4,0,69,0,Moderate
flow-synth-01538,Government,web_like,516.54,253.66,18.6,9609.74,51.37,11.0,0.42,19.24,357,5,2,1,53,0,Low
flow-synth-01539,Defence,web_like,712.61,283.14,21.43,15273.01,42.57,13.12,0.29,108.14,2317,5,4,0,45,0,Low
flow-synth-01540,Healthcare,bulk_transfer_like,1407.06,75.66,211.16,297117.32,5.75,2.46,0.05,87.47,18469,7,2,0,73,0,Moderate
flow-synth-01541,Government,bulk_transfer_like,1464.17,84.15,111.33,163002.93,3.45,2.06,0.06,71.97,8011,8,2,0,60,0,Moderate
flow-synth-01542,Defence,web_like,576.48,224.5,32.99,19018.63,42.84,3.31,0.47,66.39,2190,5,4,0,37,0,Low
flow-synth-01543,Defence,web_like,685.52,187.93,9.07,6217.71,32.88,28.38,0.18,30.63,277,2,2,1,36,0,Low
flow-synth-01544,Healthcare,web_like,536.12,276.83,41.64,22323.29,49.8,12.11,0.27,77.52,3227,2,2,0,51,0,Low
flow-synth-01545,Government,bulk_transfer_like,1347.21,111.36,205.82,277288.37,6.34,2.63,0.09,30.36,6249,4,2,1,57,0,Moderate
flow-synth-01546,Healthcare,bulk_transfer_like,1380.31,108.57,157.57,217500.89,4.23,2.4,0.08,53.45,8422,11,4,0,67,0,Moderate
flow-synth-01547,Healthcare,bulk_transfer_like,1432.93,72.23,114.2,163642.84,5.88,2.27,0.08,57.09,6519,4,2,0,55,0,Moderate
flow-synth-01548,Defence,icmp_like,83.69,2.44,1.22,101.69,1002.83,2.46,1.0,21.76,26,0,2,1,10,0,Low
flow-synth-01549,Defence,bulk_transfer_like,1379.89,96.83,127.24,175577.81,5.69,2.04,0.13,42.11,5358,6,2,1,58,0,Moderate
flow-synth-01550,Government,bulk_transfer_like,1388.53,85.75,172.39,239362.59,5.35,2.45,0.05,101.28,17459,4,2,1,61,0,Moderate
flow-synth-01551,Healthcare,idle_keepalive,114.0,7.46,0.15,50.0,30132.6,16.55,1.0,58.57,10,0,4,0,33,0,Low
flow-synth-01552,Defence,bulk_transfer_like,1404.44,67.62,196.77,276356.47,4.13,2.54,0.07,59.18,11645,6,2,1,61,0,Moderate
flow-synth-01553,Defence,web_like,518.57,197.79,26.39,13687.01,34.52,18.5,0.35,71.09,1876,2,2,0,30,0,Low
flow-synth-01554,Government,idle_keepalive,100.04,6.81,0.1,50.0,29880.27,9.33,1.0,63.7,10,0,2,1,19,0,Low
flow-synth-01555,Defence,video_like_udp,1329.06,93.05,75.03,99716.33,13.51,1.88,0.2,28.19,2114,9,2,0,87,1,High
flow-synth-01556,Government,bulk_transfer_like,1330.58,122.42,242.1,322129.85,3.5,0.94,0.08,46.21,11186,11,2,0,59,0,Moderate
flow-synth-01557,Healthcare,video_like_udp,1277.34,101.34,50.85,64955.92,15.33,1.44,0.08,65.19,3315,13,2,0,86,1,High
flow-synth-01558,Defence,bulk_transfer_like,1378.64,85.02,200.39,276261.53,6.67,2.93,0.14,108.8,21801,9,2,0,65,0,Moderate
flow-synth-01559,Defence,bulk_transfer_like,1373.56,67.78,146.7,201506.73,4.91,3.41,0.07,78.14,11463,10,2,0,55,0,Moderate
flow-synth-01560,Defence,bulk_transfer_like,1317.55,61.49,202.8,267194.77,6.54,3.12,0.06,79.69,16161,11,2,1,71,0,Moderate
flow-synth-01561,Healthcare,video_like_udp,1319.53,114.68,68.6,90514.4,19.64,1.82,0.14,30.98,2125,12,2,0,86,1,High
flow-synth-01562,Defence,video_like_udp,1222.12,123.41,55.3,67584.29,18.0,1.76,0.08,79.03,4370,10,2,1,77,0,Moderate
flow-synth-01563,Healthcare,web_like,505.31,146.78,14.48,7317.58,41.95,18.65,0.48,70.86,1026,3,4,0,52,0,Low
flow-synth-01564,Government,video_like_udp,1268.84,84.88,67.52,85673.34,18.61,1.19,0.13,24.3,1641,19,2,1,83,1,High
flow-synth-01565,Government,idle_keepalive,122.56,8.9,0.1,50.0,30056.55,5.84,1.0,43.94,10,0,2,0,25,0,Low
flow-synth-01566,Government,video_like_udp,1238.95,123.96,59.58,73820.04,19.86,2.13,0.01,77.67,4627,18,2,0,68,0,Moderate
flow-synth-01567,Defence,video_like_udp,1345.21,84.1,58.79,79085.97,16.35,2.37,0.12,48.66,2860,17,2,1,85,1,High
flow-synth-01568,Defence,icmp_like,86.39,1.09,0.88,75.83,1007.31,1.59,1.0,80.59,70,0,4,1,21,0,Low
flow-synth-01569,Government,web_like,488.13,238.89,25.66,12523.76,30.59,17.48,0.07,45.12,1157,2,4,0,35,0,Low
flow-synth-01570,Defence,web_like,503.94,208.33,24.13,12158.76,44.17,21.66,0.39,70.29,1695,3,2,0,36,0,Low
flow-synth-01571,Healthcare,web_like,482.92,242.25,18.84,9100.17,25.09,18.47,0.51,85.57,1612,3,2,0,31,0,Low
flow-synth-01572,Healthcare,web_like,474.4,231.15,28.37,13460.14,55.89,23.8,0.47,103.7,2942,5,2,0,34,0,Low
flow-synth-01573,Defence,video_like_udp,1252.82,72.51,58.27,73005.76,12.9,2.1,0.06,85.3,4970,13,4,0,66,0,Moderate
flow-synth-01574,Healthcare,web_like,511.19,116.56,37.88,19362.76,29.15,19.96,0.38,93.58,3544,3,4,0,31,0,Low
flow-synth-01575,Healthcare,video_like_udp,1162.8,116.65,74.69,86845.6,16.25,2.09,0.14,77.39,5780,10,4,1,74,0,Moderate
flow-synth-01576,Healthcare,web_like,659.08,183.59,22.65,14930.32,44.87,9.77,0.64,28.93,655,2,4,1,45,0,Low
flow-synth-01577,Defence,video_like_udp,1273.95,133.59,52.15,66431.53,15.95,1.44,0.09,70.01,3651,18,2,0,74,0,Moderate
flow-synth-01578,Healthcare,web_like,578.14,196.52,27.97,16170.56,59.79,22.23,0.52,55.17,1543,2,2,1,33,0,Low
flow-synth-01579,Healthcare,bulk_transfer_like,1375.64,120.73,210.14,289078.33,4.66,2.09,0.08,73.31,15404,4,2,1,60,0,Moderate
flow-synth-01580,Defence,bulk_transfer_like,1416.65,81.89,147.71,209255.3,5.43,1.62,0.13,52.83,7803,10,2,0,58,0,Moderate
flow-synth-01581,Healthcare,idle_keepalive,137.1,5.03,0.11,50.0,30444.1,9.48,1.0,30.45,10,0,4,1,26,0,Low
flow-synth-01582,Healthcare,icmp_like,84.66,2.24,1.47,124.21,982.46,4.12,1.0,57.0,83,0,4,1,13,0,Low
flow-synth-01583,Healthcare,web_like,662.35,228.55,14.66,9710.08,40.32,30.11,0.42,53.45,783,3,2,0,48,0,Low
flow-synth-01584,Healthcare,bulk_transfer_like,1396.0,90.68,188.62,263307.82,5.3,1.38,0.1,88.96,16780,7,2,0,62,0,Moderate
flow-synth-01585,Healthcare,bulk_transfer_like,1297.5,40.1,189.83,246302.77,5.7,1.42,0.05,44.59,8465,5,2,1,63,0,Moderate
flow-synth-01586,Healthcare,bulk_transfer_like,1448.19,86.26,138.28,200259.29,5.94,1.87,0.09,82.49,11407,10,2,1,55,0,Moderate
flow-synth-01587,Defence,web_like,517.96,215.22,13.51,6997.88,31.55,16.0,0.41,47.61,643,3,2,0,37,0,Low
flow-synth-01588,Defence,bulk_transfer_like,1346.97,64.93,175.56,236473.97,4.89,1.89,0.05,41.98,7370,9,2,0,73,0,Moderate
flow-synth-01589,Defence,icmp_like,92.34,2.23,0.85,78.07,1006.44,2.2,1.0,64.71,54,0,2,0,23,0,Low
flow-synth-01590,Healthcare,web_like,546.22,272.33,29.3,16003.28,33.72,17.48,0.39,61.61,1804,5,2,1,35,0,Low
flow-synth-01591,Defence,video_like_udp,1230.13,152.06,59.8,73560.33,11.44,1.5,0.05,115.18,6887,9,2,1,74,0,Moderate
flow-synth-01592,Government,bulk_transfer_like,1347.78,66.57,156.75,211260.67,5.5,2.1,0.11,75.16,11781,11,2,1,66,0,Moderate
flow-synth-01593,Healthcare,idle_keepalive,132.82,6.93,0.12,50.0,30054.25,14.1,1.0,74.74,10,0,2,0,19,0,Low
flow-synth-01594,Government,bulk_transfer_like,1330.37,83.48,146.06,194320.15,5.52,2.3,0.13,68.06,9940,6,2,0,67,0,Moderate
flow-synth-01595,Healthcare,web_like,407.55,230.33,13.72,5590.82,53.54,23.78,0.45,66.2,908,5,2,0,47,0,Low
flow-synth-01596,Government,video_like_udp,1344.92,67.81,50.14,67435.11,15.59,0.72,0.17,52.45,2629,14,2,1,77,0,Moderate
flow-synth-01597,Healthcare,web_like,679.24,169.06,35.37,24027.34,44.15,20.9,0.47,71.81,2540,2,2,1,52,0,Low
flow-synth-01598,Government,icmp_like,78.57,1.91,1.19,93.76,992.77,2.25,1.0,70.87,84,0,2,1,20,0,Low
flow-synth-01599,Government,web_like,571.26,287.29,30.99,17701.84,34.96,21.48,0.53,61.62,1909,2,2,0,47,0,Low
flow-synth-01600,Government,idle_keepalive,121.69,6.91,0.1,50.0,29956.16,14.35,1.0,69.06,10,0,2,0,25,0,Low
flow-synth-01601,Defence,video_like_udp,1266.69,118.15,51.03,64637.08,20.34,2.23,0.05,45.82,2338,11,4,0,87,1,High
flow-synth-01602,Healthcare,bulk_transfer_like,1396.72,103.53,129.11,180331.68,6.36,0.93,0.08,56.36,7276,6,2,0,69,0,Moderate
flow-synth-01603,Defence,bulk_transfer_like,1336.3,81.2,215.86,288450.05,6.28,1.73,0.06,42.89,9258,9,2,1,64,0,Moderate
flow-synth-01604,Government,web_like,317.69,216.8,22.71,7215.61,27.74,19.16,0.55,50.51,1147,2,2,0,32,0,Low
flow-synth-01605,Defence,bulk_transfer_like,1340.51,56.68,276.13,370150.99,6.83,2.46,0.04,50.97,14073,4,2,0,67,0,Moderate
flow-synth-01606,Healthcare,video_like_udp,1263.39,79.69,59.38,75023.1,12.99,2.36,0.18,44.34,2632,16,2,0,79,0,Moderate
flow-synth-01607,Defence,bulk_transfer_like,1374.65,65.99,164.2,225711.09,6.08,2.5,0.06,37.9,6223,5,4,0,73,0,Moderate
flow-synth-01608,Defence,web_like,682.47,226.2,17.29,11800.35,33.83,22.09,0.56,101.35,1752,2,2,0,56,0,Low
flow-synth-01609,Defence,idle_keepalive,145.68,6.19,0.13,50.0,30175.93,8.95,1.0,15.43,10,0,4,1,31,0,Low
flow-synth-01610,Healthcare,icmp_like,91.58,0.38,0.75,68.49,982.47,2.19,1.0,72.46,54,0,2,0,19,0,Low
flow-synth-01611,Healthcare,idle_keepalive,132.35,4.04,0.1,50.0,30189.94,10.82,1.0,56.56,10,0,2,0,20,0,Low
flow-synth-01612,Healthcare,bulk_transfer_like,1317.71,88.28,178.78,235576.78,4.44,3.12,0.08,51.68,9239,9,2,0,73,0,Moderate
flow-synth-01613,Government,web_like,595.7,236.83,5.15,3069.45,26.23,16.17,0.49,50.36,259,2,2,1,46,0,Low
flow-synth-01614,Defence,bulk_transfer_like,1382.82,95.13,150.98,208776.26,6.46,1.55,0.06,31.01,4681,7,2,1,66,0,Moderate
flow-synth-01615,Government,bulk_transfer_like,1330.45,52.89,154.09,205013.91,5.1,0.68,0.07,63.68,9812,11,2,1,74,0,Moderate
flow-synth-01616,Government,bulk_transfer_like,1419.41,81.85,165.44,234832.12,5.68,1.76,0.05,72.25,11953,4,2,1,63,0,Moderate
flow-synth-01617,Government,web_like,622.49,142.52,21.98,13683.13,49.0,22.44,0.5,53.97,1186,4,2,0,32,0,Low
flow-synth-01618,Healthcare,icmp_like,82.28,2.33,1.39,114.67,997.68,1.64,1.0,69.1,96,0,2,1,25,0,Low
flow-synth-01619,Government,icmp_like,87.09,1.92,1.47,128.45,993.17,1.71,1.0,58.67,86,0,2,0,10,0,Low
flow-synth-01620,Government,web_like,617.86,238.57,23.5,14518.3,47.19,25.93,0.32,60.32,1417,2,2,0,31,0,Low
flow-synth-01621,Healthcare,idle_keepalive,137.1,10.05,0.11,50.0,29938.33,13.43,1.0,62.42,10,0,2,1,21,0,Low
flow-synth-01622,Healthcare,bulk_transfer_like,1440.31,76.69,126.9,182774.29,4.9,2.55,0.1,14.54,1844,11,2,0,64,0,Moderate
flow-synth-01623,Government,video_like_udp,1285.19,116.52,55.67,71548.37,13.93,0.87,0.18,45.6,2538,11,4,1,79,0,Moderate
flow-synth-01624,Healthcare,video_like_udp,1262.51,146.31,70.17,88595.57,18.05,1.77,0.1,40.9,2870,11,2,0,75,0,Moderate
flow-synth-01625,Defence,bulk_transfer_like,1290.67,55.57,214.58,276945.49,5.12,1.74,0.06,61.7,13239,9,2,0,60,0,Moderate
flow-synth-01626,Government,bulk_transfer_like,1380.95,57.5,217.67,300586.41,8.08,1.68,0.04,69.51,15129,10,4,0,55,0,Moderate
flow-synth-01627,Healthcare,video_like_udp,1292.61,76.37,61.13,79022.65,16.3,1.05,0.12,73.93,4519,9,2,0,74,0,Moderate
flow-synth-01628,Government,web_like,465.03,269.48,16.5,7672.51,56.23,14.27,0.57,62.63,1033,4,2,0,46,0,Low
flow-synth-01629,Defence,icmp_like,88.11,2.31,0.97,85.41,989.68,2.56,1.0,77.49,75,0,2,0,17,0,Low
flow-synth-01630,Defence,idle_keepalive,115.38,4.41,0.1,50.0,29692.59,16.55,1.0,75.14,10,0,2,0,16,0,Low
flow-synth-01631,Government,web_like,350.37,176.07,34.13,11959.05,50.5,19.75,0.54,80.26,2739,3,4,0,45,0,Low
flow-synth-01632,Government,bulk_transfer_like,1348.95,89.07,157.99,213120.41,4.07,2.65,0.09,69.82,11030,10,2,1,59,0,Moderate
flow-synth-01633,Government,video_like_udp,1304.62,131.7,68.9,89882.43,14.75,1.6,0.12,82.65,5694,12,2,0,72,0,Moderate
flow-synth-01634,Government,video_like_udp,1313.63,103.1,49.61,65173.69,18.09,2.62,0.12,56.07,2781,10,2,0,84,1,High
flow-synth-01635,Healthcare,web_like,376.63,144.26,32.52,12248.62,72.25,26.19,0.01,56.54,1838,2,2,0,53,0,Low
flow-synth-01636,Defence,web_like,426.03,198.61,21.21,9038.17,33.97,17.06,0.49,47.82,1014,5,2,1,43,0,Low
flow-synth-01637,Government,bulk_transfer_like,1360.36,77.63,222.51,302694.53,5.91,1.89,0.06,24.58,5469,7,4,0,62,0,Moderate
flow-synth-01638,Defence,web_like,540.35,189.01,16.4,8861.79,35.37,13.37,0.5,63.42,1040,2,4,1,31,0,Low
flow-synth-01639,Healthcare,web_like,300.14,256.93,24.01,7205.46,22.86,21.77,0.64,41.47,995,3,4,0,57,0,Low
flow-synth-01640,Healthcare,icmp_like,79.52,1.27,0.83,65.86,992.75,1.74,1.0,54.67,45,0,2,1,26,0,Low
flow-synth-01641,Defence,web_like,391.16,236.91,20.18,7893.69,41.53,23.64,0.13,58.97,1190,5,4,0,32,0,Low
flow-synth-01642,Defence,bulk_transfer_like,1340.35,85.1,146.25,196023.24,5.0,2.16,0.06,27.09,3961,8,2,1,59,0,Moderate
flow-synth-01643,Government,icmp_like,83.88,1.93,0.77,64.39,999.79,1.68,1.0,48.0,36,0,2,0,27,0,Low
flow-synth-01644,Defence,bulk_transfer_like,1310.38,71.3,201.33,263821.74,5.08,1.1,0.07,51.42,10351,8,2,0,57,0,Moderate
flow-synth-01645,Defence,video_like_udp,1248.08,55.94,66.75,83313.02,15.41,2.81,0.11,44.48,2968,8,2,0,67,0,Moderate
flow-synth-01646,Defence,bulk_transfer_like,1386.56,94.1,297.05,411873.9,4.05,2.15,0.06,27.87,8278,10,2,0,56,0,Moderate
flow-synth-01647,Government,bulk_transfer_like,1382.74,56.74,236.27,326703.75,4.51,3.88,0.12,44.07,10411,5,2,0,70,0,Moderate
flow-synth-01648,Healthcare,web_like,749.64,214.37,23.15,17350.44,55.86,15.76,0.46,77.17,1786,5,4,1,46,0,Low
flow-synth-01649,Government,web_like,580.17,221.65,30.36,17615.05,17.39,19.86,0.43,93.38,2835,4,2,0,38,0,Low
flow-synth-01650,Healthcare,video_like_udp,1301.21,92.57,70.83,92161.05,15.82,1.81,0.11,64.77,4587,10,2,0,69,0,Moderate
flow-synth-01651,Healthcare,icmp_like,91.04,1.38,0.88,80.49,1008.58,1.66,1.0,38.79,34,0,2,0,28,0,Low
flow-synth-01652,Defence,bulk_transfer_like,1287.54,85.84,181.07,233138.35,5.49,2.41,0.06,66.65,12068,11,2,0,60,0,Moderate
flow-synth-01653,Defence,icmp_like,84.1,3.39,1.21,101.52,1008.54,2.44,1.0,52.83,63,0,2,0,11,0,Low
flow-synth-01654,Healthcare,web_like,585.47,196.89,36.17,21175.28,36.01,5.01,0.53,24.1,871,4,4,1,47,0,Low
flow-synth-01655,Healthcare,video_like_udp,1349.28,128.98,50.34,67919.84,18.62,1.99,0.13,92.3,4645,9,2,1,65,0,Moderate
flow-synth-01656,Government,bulk_transfer_like,1340.12,102.85,251.51,337051.28,3.17,2.46,0.09,58.07,14604,10,2,1,66,0,Moderate
flow-synth-01657,Healthcare,web_like,520.01,229.59,24.61,12795.58,35.35,13.42,0.41,45.07,1108,3,2,0,56,0,Low
flow-synth-01658,Healthcare,idle_keepalive,129.71,8.99,0.13,50.0,30040.31,11.44,1.0,63.12,10,0,2,0,24,0,Low
flow-synth-01659,Government,video_like_udp,1292.32,100.31,44.22,57151.56,16.55,1.53,0.19,108.92,4816,18,2,0,84,1,High
flow-synth-01660,Defence,bulk_transfer_like,1392.55,60.33,187.06,260486.06,4.04,2.25,0.06,97.3,18200,9,2,0,64,0,Moderate
flow-synth-01661,Healthcare,bulk_transfer_like,1297.61,69.52,172.64,224019.63,6.11,1.5,0.06,74.82,12916,7,2,0,71,0,Moderate
flow-synth-01662,Healthcare,web_like,431.81,275.23,42.81,18484.93,31.2,22.02,0.47,40.25,1722,2,2,0,53,0,Low
flow-synth-01663,Defence,video_like_udp,1277.76,105.93,67.34,86041.35,14.2,1.39,0.1,58.22,3920,8,2,1,78,0,Moderate
flow-synth-01664,Defence,bulk_transfer_like,1380.99,65.51,100.28,138480.54,5.65,1.37,0.06,69.38,6957,6,2,1,73,0,Moderate
flow-synth-01665,Government,bulk_transfer_like,1355.56,67.0,191.5,259594.62,7.28,1.29,0.11,34.75,6654,7,2,0,69,0,Moderate
flow-synth-01666,Healthcare,video_like_udp,1311.87,128.11,60.42,79258.19,11.88,1.98,0.09,45.79,2766,16,2,0,70,0,Moderate
flow-synth-01667,Defence,web_like,621.35,227.18,22.74,14130.62,26.15,20.09,0.51,54.2,1232,2,2,0,32,0,Low
flow-synth-01668,Defence,web_like,437.97,191.48,32.11,14065.21,44.28,19.67,0.22,62.64,2011,3,2,0,56,0,Low
flow-synth-01669,Healthcare,web_like,652.43,219.24,19.29,12582.8,37.68,10.36,0.43,42.65,822,5,2,0,58,0,Low
flow-synth-01670,Healthcare,web_like,456.12,271.74,10.64,4854.16,22.85,19.7,0.42,50.6,538,5,4,0,49,0,Low
flow-synth-01671,Defence,web_like,610.04,210.28,31.16,19011.0,60.17,10.44,0.44,67.7,2109,5,2,0,51,0,Low
flow-synth-01672,Government,web_like,525.28,202.88,11.11,5836.62,43.18,20.54,0.55,49.89,554,2,2,0,49,0,Low
flow-synth-01673,Defence,bulk_transfer_like,1383.07,63.34,214.76,297023.07,5.88,2.21,0.07,59.36,12747,8,2,0,62,0,Moderate
flow-synth-01674,Defence,web_like,553.61,220.78,21.98,12170.06,52.67,8.08,0.18,26.91,591,2,4,0,34,0,Low
flow-synth-01675,Government,web_like,694.17,169.78,33.02,22919.52,32.16,24.2,0.18,81.54,2692,5,2,1,49,0,Low
flow-synth-01676,Defence,web_like,721.71,138.14,14.2,10248.92,33.59,18.62,0.42,62.32,885,3,2,1,53,0,Low
flow-synth-01677,Defence,video_like_udp,1316.16,97.79,73.28,96447.42,13.85,1.82,0.09,31.91,2338,18,2,0,78,0,Moderate
flow-synth-01678,Government,web_like,640.1,233.57,28.46,18216.99,26.14,17.1,0.34,62.06,1766,2,2,0,35,0,Low
flow-synth-01679,Government,idle_keepalive,104.78,6.8,0.11,50.0,30071.66,7.47,1.0,36.66,10,0,2,1,24,0,Low
flow-synth-01680,Defence,bulk_transfer_like,1396.02,55.8,131.94,184195.11,6.84,1.59,0.13,83.78,11054,10,2,0,63,0,Moderate
flow-synth-01681,Government,web_like,733.17,178.71,20.32,14894.72,27.97,7.13,0.51,64.46,1309,3,2,1,48,0,Low
flow-synth-01682,Defence,video_like_udp,1243.65,79.79,36.01,44778.37,15.78,1.34,0.15,48.61,1750,10,4,0,68,0,Moderate
flow-synth-01683,Government,web_like,600.34,260.41,19.51,11710.41,55.15,17.04,0.48,24.5,477,5,2,1,41,0,Low
flow-synth-01684,Government,icmp_like,84.87,1.14,1.13,96.01,996.67,1.49,1.0,86.04,97,0,4,0,20,0,Low
flow-synth-01685,Defence,icmp_like,87.62,2.83,0.84,73.94,1012.44,0.23,1.0,67.06,56,0,2,0,29,0,Low
flow-synth-01686,Healthcare,video_like_udp,1369.26,72.79,73.94,101244.3,15.63,0.9,0.09,23.89,1766,11,2,0,74,0,Moderate
flow-synth-01687,Defence,video_like_udp,1330.05,84.74,74.15,98629.1,16.89,1.58,0.12,59.59,4418,9,2,0,85,1,High
flow-synth-01688,Healthcare,video_like_udp,1217.57,114.64,57.48,69986.32,15.4,2.54,0.14,43.53,2502,17,4,1,65,0,Moderate
flow-synth-01689,Defence,bulk_transfer_like,1352.82,70.83,164.17,222088.36,8.83,1.06,0.1,108.55,17819,6,2,1,64,0,Moderate
flow-synth-01690,Defence,bulk_transfer_like,1377.06,113.36,150.96,207883.2,3.98,2.79,0.13,53.59,8090,5,2,0,60,0,Moderate
flow-synth-01691,Government,icmp_like,79.18,0.86,0.75,59.71,1001.05,2.46,1.0,74.95,56,0,2,1,29,0,Low
flow-synth-01692,Government,icmp_like,82.4,0.22,1.1,90.25,1005.99,0.76,1.0,86.29,94,0,4,0,24,0,Low
flow-synth-01693,Healthcare,web_like,645.62,223.37,35.66,23022.08,47.09,17.47,0.62,74.41,2653,2,4,0,44,0,Low
flow-synth-01694,Government,video_like_udp,1220.71,115.8,72.21,88142.49,13.65,2.79,0.13,35.95,2595,10,2,1,65,0,Moderate
flow-synth-01695,Defence,bulk_transfer_like,1455.29,48.07,209.61,305045.93,6.56,2.47,0.05,38.87,8148,6,2,0,64,0,Moderate
flow-synth-01696,Government,bulk_transfer_like,1409.07,100.9,142.48,200767.1,7.42,1.23,0.06,58.19,8291,5,2,0,67,0,Moderate
flow-synth-01697,Government,web_like,458.32,191.68,16.0,7333.93,36.93,25.0,0.41,109.23,1747,2,2,1,44,0,Low
flow-synth-01698,Defence,bulk_transfer_like,1300.21,96.66,197.23,256445.08,7.16,1.18,0.05,64.37,12695,10,2,0,65,0,Moderate
flow-synth-01699,Defence,video_like_udp,1330.34,128.61,65.04,86528.86,14.43,2.53,0.12,57.06,3711,13,4,0,83,1,High
flow-synth-01700,Government,video_like_udp,1240.08,49.69,42.27,52413.67,17.05,0.81,0.07,60.33,2549,18,2,1,82,1,High
flow-synth-01701,Healthcare,web_like,408.63,230.24,25.05,10236.9,50.86,7.6,0.42,68.07,1705,2,2,1,54,0,Low
flow-synth-01702,Government,idle_keepalive,119.54,5.34,0.1,50.0,29554.17,9.45,1.0,88.04,10,0,2,0,27,0,Low
flow-synth-01703,Defence,video_like_udp,1284.95,117.41,65.3,83905.96,17.12,1.85,0.09,56.41,3683,13,2,1,68,0,Moderate
flow-synth-01704,Defence,bulk_transfer_like,1465.48,82.68,222.47,326027.91,6.47,2.08,0.06,66.64,14825,10,2,0,67,0,Moderate
flow-synth-01705,Healthcare,video_like_udp,1288.32,125.91,84.7,109119.77,17.31,2.73,0.09,30.97,2623,10,2,0,80,0,Moderate
flow-synth-01706,Healthcare,icmp_like,88.15,1.69,0.77,67.88,1011.89,3.15,1.0,12.38,10,0,2,1,16,0,Low
flow-synth-01707,Healthcare,idle_keepalive,110.67,5.28,0.1,50.0,29846.26,6.56,1.0,65.03,10,0,2,0,34,0,Low
flow-synth-01708,Government,idle_keepalive,120.13,7.97,0.1,50.0,29786.39,8.91,1.0,64.35,10,0,4,1,19,0,Low
flow-synth-01709,Government,video_like_udp,1300.1,90.89,56.8,73850.77,15.61,1.73,0.13,54.72,3108,19,4,1,74,0,Moderate
flow-synth-01710,Healthcare,icmp_like,87.71,2.02,1.01,88.63,1008.94,1.17,1.0,36.11,36,0,2,0,15,0,Low
flow-synth-01711,Government,bulk_transfer_like,1335.77,71.31,223.05,297939.72,4.36,2.15,0.04,100.0,22305,11,2,1,70,0,Moderate
flow-synth-01712,Government,video_like_udp,1305.77,83.66,75.47,98547.58,15.11,1.93,0.07,29.83,2251,11,2,0,85,1,High
flow-synth-01713,Healthcare,web_like,573.81,295.71,11.4,6543.78,59.35,16.39,0.38,61.98,706,4,2,0,35,0,Low
flow-synth-01714,Defence,bulk_transfer_like,1361.77,85.28,121.82,165884.69,5.63,1.24,0.09,17.43,2122,4,2,1,66,0,Moderate
flow-synth-01715,Healthcare,bulk_transfer_like,1364.21,68.33,138.9,189483.59,4.86,1.9,0.08,46.91,6516,7,2,0,67,0,Moderate
flow-synth-01716,Government,bulk_transfer_like,1339.45,102.1,112.08,150123.92,5.96,1.54,0.07,74.72,8374,7,4,0,56,0,Moderate
flow-synth-01717,Defence,video_like_udp,1267.39,156.82,61.87,78416.91,13.95,2.45,0.12,81.06,5015,9,4,1,68,0,Moderate
flow-synth-01718,Healthcare,bulk_transfer_like,1337.75,53.37,217.64,291150.95,5.47,2.83,0.09,59.97,13051,7,2,0,74,0,Moderate
flow-synth-01719,Defence,video_like_udp,1232.73,85.7,63.41,78166.7,15.06,3.2,0.14,48.01,3044,11,2,0,75,0,Moderate
flow-synth-01720,Defence,icmp_like,85.72,2.35,1.18,101.17,994.21,1.63,1.0,65.78,77,0,2,1,11,0,Low
flow-synth-01721,Defence,web_like,598.32,250.98,9.79,5860.29,49.78,26.46,0.68,35.48,347,3,2,1,45,0,Low
flow-synth-01722,Healthcare,idle_keepalive,118.78,7.27,0.11,50.0,30126.38,7.29,1.0,43.68,10,0,2,0,25,0,Low
flow-synth-01723,Defence,web_like,595.15,239.64,35.61,21195.18,27.17,11.89,0.43,38.27,1362,5,4,1,45,0,Low
flow-synth-01724,Defence,web_like,477.64,194.55,29.46,14073.2,30.85,14.02,0.65,5.0,147,2,2,1,51,0,Low
flow-synth-01725,Government,bulk_transfer_like,1427.75,94.66,228.9,326819.65,3.33,1.25,0.08,71.15,16287,10,2,0,70,0,Moderate
flow-synth-01726,Government,idle_keepalive,136.95,9.04,0.1,50.0,29661.79,9.03,1.0,49.64,10,0,2,1,33,0,Low
flow-synth-01727,Healthcare,bulk_transfer_like,1279.64,59.93,120.7,154453.95,7.12,2.47,0.1,71.78,8663,9,2,1,56,0,Moderate
flow-synth-01728,Defence,video_like_udp,1161.63,97.67,70.05,81371.31,16.19,1.59,0.04,70.92,4968,8,2,0,69,0,Moderate
flow-synth-01729,Defence,bulk_transfer_like,1332.0,91.76,155.99,207782.6,4.77,2.55,0.12,45.79,7142,10,2,0,69,0,Moderate
flow-synth-01730,Defence,web_like,489.54,185.31,22.62,11075.74,63.22,22.72,0.58,85.33,1930,2,4,0,46,0,Low
flow-synth-01731,Government,bulk_transfer_like,1327.27,101.34,153.77,204088.65,6.42,3.17,0.04,49.24,7572,6,4,1,57,0,Moderate
flow-synth-01732,Healthcare,bulk_transfer_like,1351.14,62.13,176.14,237983.64,6.04,2.94,0.05,32.1,5653,5,2,0,65,0,Moderate
flow-synth-01733,Healthcare,bulk_transfer_like,1318.88,57.33,193.65,255404.82,6.86,2.19,0.14,63.08,12215,11,2,0,64,0,Moderate
flow-synth-01734,Defence,video_like_udp,1290.15,74.33,54.21,69939.3,13.58,1.69,0.1,46.16,2502,13,2,0,82,1,High
flow-synth-01735,Government,icmp_like,84.54,1.84,1.44,121.36,1012.59,2.11,1.0,64.12,92,0,2,0,25,0,Low
flow-synth-01736,Defence,web_like,486.43,234.39,26.24,12765.81,56.52,7.14,0.41,45.5,1194,3,2,1,46,0,Low
flow-synth-01737,Government,web_like,554.88,152.11,21.53,11944.4,39.1,13.03,0.4,103.95,2237,5,2,1,57,0,Low
flow-synth-01738,Government,idle_keepalive,138.03,8.13,0.1,50.0,30100.81,12.3,1.0,43.47,10,0,2,0,23,0,Low
flow-synth-01739,Healthcare,idle_keepalive,122.92,6.73,0.1,50.0,29858.89,9.38,1.0,71.34,10,0,2,0,27,0,Low
flow-synth-01740,Defence,icmp_like,88.27,0.92,0.7,61.75,1001.57,2.05,1.0,78.5,54,0,2,0,11,0,Low
flow-synth-01741,Government,web_like,519.61,224.28,18.77,9754.51,33.06,16.3,0.54,54.5,1023,3,2,1,31,0,Low
flow-synth-01742,Defence,bulk_transfer_like,1400.73,74.98,252.97,354345.97,5.6,2.14,0.06,61.4,15531,10,2,1,61,0,Moderate
flow-synth-01743,Defence,bulk_transfer_like,1412.87,64.68,189.09,267165.02,3.73,1.88,0.08,26.3,4972,10,4,1,65,0,Moderate
flow-synth-01744,Healthcare,bulk_transfer_like,1385.44,110.28,85.66,118678.45,7.03,2.13,0.09,71.19,6098,5,4,0,61,0,Moderate
flow-synth-01745,Government,icmp_like,78.58,1.76,1.0,78.75,1005.3,2.68,1.0,95.77,95,0,2,0,20,0,Low
flow-synth-01746,Government,video_like_udp,1350.9,121.3,67.61,91340.56,14.73,1.26,0.06,72.89,4928,9,4,0,81,1,High
flow-synth-01747,Government,idle_keepalive,118.58,8.64,0.11,50.0,30033.92,1.17,1.0,45.95,10,0,2,0,21,0,Low
flow-synth-01748,Government,web_like,463.25,234.48,33.95,15727.64,48.1,17.52,0.55,99.48,3377,2,2,1,39,0,Low
flow-synth-01749,Government,bulk_transfer_like,1363.71,70.44,139.88,190748.78,4.88,1.62,0.08,93.73,13111,11,2,1,63,0,Moderate
flow-synth-01750,Healthcare,bulk_transfer_like,1322.81,62.66,181.72,240381.94,6.78,1.89,0.01,67.17,12205,4,2,0,55,0,Moderate
flow-synth-01751,Government,web_like,527.01,219.24,18.63,9820.66,27.06,17.36,0.43,56.63,1055,4,2,1,34,0,Low
flow-synth-01752,Defence,web_like,691.81,232.37,30.62,21180.27,56.71,21.16,0.54,75.67,2316,5,2,0,57,0,Low
flow-synth-01753,Healthcare,web_like,447.03,135.48,22.07,9866.34,49.5,23.75,0.21,74.59,1646,4,2,1,43,0,Low
flow-synth-01754,Defence,icmp_like,85.13,1.28,0.88,75.17,1011.74,1.16,1.0,40.44,35,0,2,0,11,0,Low
flow-synth-01755,Government,icmp_like,78.49,2.65,1.09,85.17,1009.72,1.91,1.0,66.32,71,0,2,0,27,0,Low
flow-synth-01756,Defence,idle_keepalive,124.01,7.38,0.12,50.0,30065.74,12.86,1.0,57.55,10,0,4,0,34,0,Low
flow-synth-01757,Defence,idle_keepalive,124.43,12.16,0.1,50.0,30179.66,9.09,1.0,85.63,10,0,2,0,15,0,Low
flow-synth-01758,Healthcare,idle_keepalive,120.16,8.85,0.14,50.0,30222.41,13.95,1.0,45.35,10,0,2,1,18,0,Low
flow-synth-01759,Defence,video_like_udp,1359.16,66.56,56.84,77252.29,16.79,1.43,0.11,71.56,4067,9,2,1,85,1,High
flow-synth-01760,Healthcare,bulk_transfer_like,1408.75,83.79,98.58,138876.21,3.14,1.7,0.08,84.0,8281,9,4,0,72,0,Moderate
flow-synth-01761,Healthcare,bulk_transfer_like,1439.6,86.98,192.7,277412.93,6.53,1.4,0.07,41.62,8019,10,4,0,58,0,Moderate
flow-synth-01762,Healthcare,web_like,601.98,201.33,21.15,12732.31,52.94,10.01,0.33,118.59,2508,2,2,0,31,0,Low
flow-synth-01763,Healthcare,web_like,498.49,212.11,24.21,12070.41,44.74,18.53,0.33,60.59,1467,3,2,0,54,0,Low
flow-synth-01764,Defence,icmp_like,83.26,2.38,1.07,89.34,991.46,3.05,1.0,87.74,94,0,2,1,21,0,Low
flow-synth-01765,Healthcare,bulk_transfer_like,1327.12,78.29,213.61,283488.0,4.57,2.27,0.08,77.54,16563,8,2,0,58,0,Moderate
flow-synth-01766,Government,web_like,562.09,142.96,25.12,14118.09,42.66,22.6,0.34,43.48,1092,4,4,1,37,0,Low
flow-synth-01767,Government,bulk_transfer_like,1394.17,75.52,176.8,246485.49,5.84,2.26,0.04,85.73,15155,7,4,0,61,0,Moderate
flow-synth-01768,Healthcare,bulk_transfer_like,1397.33,98.53,189.26,264454.46,6.0,2.42,0.1,76.23,14426,6,2,1,65,0,Moderate
flow-synth-01769,Government,icmp_like,75.84,1.05,1.17,88.68,995.11,1.4,1.0,66.74,78,0,4,0,12,0,Low
flow-synth-01770,Government,icmp_like,81.96,2.47,0.89,73.12,989.76,2.94,1.0,85.56,76,0,2,0,20,0,Low
flow-synth-01771,Defence,icmp_like,82.51,1.28,1.14,94.17,986.2,2.5,1.0,63.18,72,0,2,0,24,0,Low
flow-synth-01772,Defence,video_like_udp,1297.72,92.81,62.1,80592.46,17.07,1.75,0.1,44.75,2779,10,4,0,81,1,High
flow-synth-01773,Healthcare,web_like,550.06,233.31,16.47,9059.34,24.0,12.77,0.61,65.81,1083,2,4,1,51,0,Low
flow-synth-01774,Government,video_like_udp,1254.74,81.93,63.17,79262.57,15.8,1.98,0.11,53.74,3394,13,2,0,67,0,Moderate
flow-synth-01775,Defence,web_like,482.29,240.45,11.95,5763.97,36.99,7.37,0.29,48.43,578,3,2,0,54,0,Low
flow-synth-01776,Healthcare,idle_keepalive,152.03,5.96,0.1,50.0,29914.08,5.93,1.0,71.99,10,0,4,0,32,0,Low
flow-synth-01777,Healthcare,web_like,445.34,185.81,7.3,3252.55,38.47,11.47,0.41,40.98,299,3,2,0,54,0,Low
flow-synth-01778,Defence,web_like,575.36,266.09,19.29,11099.43,61.41,13.16,0.36,5.0,96,4,2,0,30,0,Low
flow-synth-01779,Defence,web_like,688.45,238.81,28.17,19392.13,34.71,20.57,0.29,64.1,1805,4,2,1,52,0,Low
flow-synth-01780,Defence,bulk_transfer_like,1316.42,73.77,192.61,253560.22,6.7,1.95,0.08,63.34,12200,4,2,0,60,0,Moderate
flow-synth-01781,Defence,bulk_transfer_like,1393.0,107.33,192.53,268188.46,4.43,2.13,0.13,86.95,16740,6,2,0,71,0,Moderate
flow-synth-01782,Government,video_like_udp,1318.38,113.51,52.74,69526.55,16.9,2.49,0.1,61.38,3236,9,2,0,74,0,Moderate
flow-synth-01783,Healthcare,idle_keepalive,107.74,5.89,0.1,50.0,30497.06,10.41,1.0,58.36,10,0,4,0,33,0,Low
flow-synth-01784,Defence,bulk_transfer_like,1446.36,74.23,196.65,284431.69,4.41,2.03,0.08,17.92,3523,11,4,0,65,0,Moderate
flow-synth-01785,Healthcare,bulk_transfer_like,1333.16,67.22,125.6,167450.2,7.33,2.85,0.08,76.67,9629,7,2,0,64,0,Moderate
flow-synth-01786,Defence,web_like,513.97,187.74,17.08,8778.55,19.16,21.24,0.36,5.4,92,4,4,0,49,0,Low
flow-synth-01787,Defence,bulk_transfer_like,1259.72,87.51,158.51,199683.27,3.72,3.11,0.08,51.9,8226,8,4,1,64,0,Moderate
flow-synth-01788,Defence,icmp_like,90.31,1.68,0.89,80.73,999.06,0.63,1.0,33.64,30,0,4,1,23,0,Low
flow-synth-01789,Defence,video_like_udp,1310.49,104.44,81.53,106849.22,18.29,1.68,0.14,53.67,4375,12,2,0,84,1,High
flow-synth-01790,Government,web_like,644.95,221.11,27.1,17479.62,56.55,15.54,0.63,69.22,1876,2,2,0,57,0,Low
flow-synth-01791,Healthcare,bulk_transfer_like,1336.81,115.13,241.86,323314.34,5.54,3.02,0.13,61.49,14871,4,2,0,72,0,Moderate
flow-synth-01792,Defence,web_like,633.21,219.24,10.73,6791.21,24.92,18.03,0.33,26.1,279,5,2,0,52,0,Low
flow-synth-01793,Defence,bulk_transfer_like,1376.53,66.07,214.61,295418.13,6.34,2.98,0.11,81.8,17556,8,2,0,71,0,Moderate
flow-synth-01794,Healthcare,web_like,633.54,276.13,16.56,10488.96,17.96,16.34,0.82,63.36,1049,3,2,1,43,0,Low
flow-synth-01795,Healthcare,web_like,395.03,139.01,5.89,2326.57,54.37,17.5,0.47,82.66,486,4,2,0,46,0,Low
flow-synth-01796,Government,bulk_transfer_like,1269.97,76.96,152.12,193183.92,3.9,2.36,0.11,54.68,8317,4,2,0,70,0,Moderate
flow-synth-01797,Healthcare,video_like_udp,1246.95,84.32,57.38,71553.17,15.85,1.51,0.14,48.2,2765,10,2,0,84,1,High
flow-synth-01798,Healthcare,bulk_transfer_like,1334.81,90.76,143.01,190894.77,6.97,1.8,0.08,65.44,9358,7,2,0,73,0,Moderate
flow-synth-01799,Defence,bulk_transfer_like,1357.66,110.23,127.49,173093.4,6.73,2.59,0.1,82.34,10497,8,2,0,57,0,Moderate
flow-synth-01800,Defence,web_like,515.41,248.13,28.61,14747.1,70.02,9.42,0.17,53.6,1533,4,2,0,38,0,Low
flow-synth-01801,Government,icmp_like,79.93,2.31,0.99,79.39,1013.09,0.92,1.0,48.8,48,0,2,0,27,0,Low
flow-synth-01802,Government,web_like,443.16,207.5,25.84,11453.25,46.53,16.82,0.02,50.09,1294,4,2,1,59,0,Low
flow-synth-01803,Healthcare,bulk_transfer_like,1359.21,91.93,219.05,297741.92,6.13,0.73,0.01,73.89,16185,11,2,0,72,0,Moderate
flow-synth-01804,Government,bulk_transfer_like,1407.12,35.81,126.47,177958.06,2.51,2.62,0.09,88.38,11177,4,2,0,68,0,Moderate
flow-synth-01805,Defence,idle_keepalive,104.41,7.34,0.12,50.0,29733.54,9.82,1.0,45.0,10,0,2,0,22,0,Low
flow-synth-01806,Government,bulk_transfer_like,1378.77,77.79,173.24,238862.83,5.35,2.52,0.07,59.33,10278,6,4,1,57,0,Moderate
flow-synth-01807,Defence,bulk_transfer_like,1354.84,86.63,207.14,280646.88,5.83,1.45,0.09,72.71,15060,5,2,1,72,0,Moderate
flow-synth-01808,Healthcare,icmp_like,82.39,2.75,1.3,106.83,973.94,2.09,1.0,25.29,32,0,2,0,10,0,Low
flow-synth-01809,Healthcare,web_like,487.34,307.56,27.02,13167.29,39.57,19.1,0.29,98.87,2671,3,2,1,55,0,Low
flow-synth-01810,Government,web_like,546.1,221.52,21.86,11939.09,38.56,11.75,0.41,44.22,966,3,2,0,50,0,Low
flow-synth-01811,Defence,idle_keepalive,131.19,8.14,0.18,50.0,29810.07,5.26,1.0,93.72,16,0,2,0,16,0,Low
flow-synth-01812,Defence,web_like,648.73,236.41,28.85,18718.8,32.26,22.09,0.54,88.27,2547,5,4,0,46,0,Low
flow-synth-01813,Government,web_like,685.33,202.26,3.34,2286.49,44.8,18.6,0.25,43.57,145,5,2,0,42,0,Low
flow-synth-01814,Defence,web_like,565.35,168.77,23.84,13476.76,31.39,14.11,0.43,36.8,877,2,2,0,30,0,Low
flow-synth-01815,Government,icmp_like,78.19,2.33,1.4,109.51,990.98,0.28,1.0,63.16,88,0,2,0,29,0,Low
flow-synth-01816,Government,idle_keepalive,139.06,11.73,0.11,50.0,29764.85,10.44,1.0,72.7,10,0,2,0,29,0,Low
flow-synth-01817,Government,bulk_transfer_like,1372.73,60.95,191.11,262340.25,5.38,1.62,0.09,50.28,9608,4,2,0,69,0,Moderate
flow-synth-01818,Defence,video_like_udp,1164.31,95.51,67.02,78029.43,14.58,1.22,0.08,19.63,1315,11,2,0,71,0,Moderate
flow-synth-01819,Healthcare,web_like,635.23,156.43,30.63,19454.55,34.34,22.17,0.47,49.27,1508,5,2,1,57,0,Low
flow-synth-01820,Government,bulk_transfer_like,1355.59,78.38,198.57,269179.97,6.18,2.81,0.04,46.2,9173,4,2,1,72,0,Moderate
flow-synth-01821,Government,web_like,624.92,197.33,37.39,23366.38,42.47,19.43,0.19,88.13,3295,4,2,0,46,0,Low
flow-synth-01822,Healthcare,idle_keepalive,114.25,7.99,0.13,50.0,30075.22,7.75,1.0,45.86,10,0,2,1,34,0,Low
flow-synth-01823,Government,web_like,600.23,215.26,23.93,14361.33,45.41,30.91,0.33,78.05,1867,3,4,0,52,0,Low
flow-synth-01824,Government,bulk_transfer_like,1374.56,79.57,247.31,339938.5,8.08,1.75,0.02,18.04,4460,7,4,1,56,0,Moderate
flow-synth-01825,Government,idle_keepalive,119.31,5.39,0.1,50.0,30163.38,3.6,1.0,66.23,10,0,2,0,27,0,Low
flow-synth-01826,Healthcare,icmp_like,80.14,1.62,0.88,70.14,1008.73,1.43,1.0,69.02,60,0,2,0,10,0,Low
flow-synth-01827,Defence,web_like,607.34,174.05,0.37,224.36,35.72,12.8,0.45,89.35,33,5,2,0,46,0,Low
flow-synth-01828,Government,web_like,865.84,196.79,24.38,21110.65,54.18,24.06,0.43,40.48,986,5,4,0,50,0,Low
flow-synth-01829,Healthcare,video_like_udp,1251.23,101.33,49.71,62195.46,17.25,2.58,0.12,64.6,3210,12,2,0,82,1,High
flow-synth-01830,Government,icmp_like,80.16,2.45,1.16,92.78,992.57,2.75,1.0,54.91,63,0,4,0,19,0,Low
flow-synth-01831,Healthcare,bulk_transfer_like,1393.16,82.96,154.27,214927.98,5.81,1.9,0.11,66.66,10284,7,2,1,58,0,Moderate
flow-synth-01832,Defence,idle_keepalive,139.73,6.86,0.11,50.0,29985.91,11.28,1.0,46.91,10,0,2,1,17,0,Low
flow-synth-01833,Defence,icmp_like,76.74,2.31,0.73,56.33,987.42,1.08,1.0,44.54,32,0,2,0,11,0,Low
flow-synth-01834,Defence,video_like_udp,1265.11,110.46,68.17,86237.91,14.83,1.9,0.12,62.67,4272,19,2,0,70,0,Moderate
flow-synth-01835,Healthcare,web_like,413.78,193.5,43.05,17812.2,27.47,20.25,0.72,54.53,2347,4,4,1,57,0,Low
flow-synth-01836,Defence,web_like,482.58,286.77,14.05,6781.69,29.36,15.95,0.39,51.65,725,3,2,0,59,0,Low
flow-synth-01837,Defence,web_like,649.01,186.24,20.99,13623.99,58.45,13.51,0.49,25.85,542,3,2,1,36,0,Low
flow-synth-01838,Government,idle_keepalive,114.86,6.45,0.12,50.0,30297.04,13.35,1.0,70.04,10,0,2,0,26,0,Low
flow-synth-01839,Defence,idle_keepalive,123.45,10.37,0.1,50.0,30304.3,9.4,1.0,66.87,10,0,2,1,19,0,Low
flow-synth-01840,Defence,video_like_udp,1253.12,115.61,71.98,90205.61,16.64,1.66,0.13,53.72,3867,8,2,0,81,1,High
flow-synth-01841,Healthcare,video_like_udp,1277.69,75.43,54.4,69500.73,16.17,1.38,0.09,41.22,2242,14,4,0,70,0,Moderate
flow-synth-01842,Healthcare,video_like_udp,1355.33,76.85,85.5,115884.62,13.59,2.34,0.09,42.05,3595,18,2,1,74,0,Moderate
flow-synth-01843,Defence,idle_keepalive,124.69,12.32,0.1,50.0,29784.27,10.71,1.0,40.21,10,0,4,1,27,0,Low
flow-synth-01844,Defence,bulk_transfer_like,1318.75,77.77,171.59,226289.51,4.36,2.26,0.15,49.91,8563,7,4,1,63,0,Moderate
flow-synth-01845,Defence,web_like,478.53,236.76,18.25,8733.97,63.99,20.07,0.31,50.53,922,3,2,0,33,0,Low
flow-synth-01846,Defence,web_like,421.13,161.59,29.58,12456.59,11.47,11.93,0.61,53.11,1571,2,2,1,41,0,Low
flow-synth-01847,Government,idle_keepalive,118.82,8.46,0.1,50.0,29915.78,13.01,1.0,51.53,10,0,2,1,31,0,Low
flow-synth-01848,Government,web_like,520.41,148.39,25.89,13474.34,23.15,17.93,0.21,63.32,1639,3,4,1,49,0,Low
flow-synth-01849,Government,web_like,598.39,232.7,16.58,9920.34,44.25,23.74,0.23,94.9,1573,5,4,1,58,0,Low
flow-synth-01850,Government,bulk_transfer_like,1335.58,31.53,164.3,219442.38,5.46,2.36,0.06,72.39,11894,9,2,1,71,0,Moderate
flow-synth-01851,Government,bulk_transfer_like,1348.82,65.96,223.97,302089.83,5.76,1.65,0.09,26.51,5936,5,4,0,55,0,Moderate
flow-synth-01852,Healthcare,web_like,624.21,215.25,36.93,23051.98,26.44,19.21,0.54,72.55,2679,5,4,0,57,0,Low
flow-synth-01853,Healthcare,bulk_transfer_like,1375.98,74.87,154.11,212057.2,6.46,1.98,0.05,43.96,6774,8,2,1,60,0,Moderate
flow-synth-01854,Government,bulk_transfer_like,1402.51,58.09,204.43,286715.08,2.29,1.66,0.11,81.16,16592,4,4,0,71,0,Moderate
flow-synth-01855,Defence,icmp_like,82.75,2.11,1.33,109.81,989.57,2.16,1.0,63.33,84,0,4,0,17,0,Low
flow-synth-01856,Government,bulk_transfer_like,1341.11,95.39,219.1,293843.69,4.91,2.28,0.05,71.28,15616,6,2,1,60,0,Moderate
flow-synth-01857,Defence,bulk_transfer_like,1379.73,85.79,215.06,296728.04,6.25,2.16,0.09,77.77,16725,7,2,0,56,0,Moderate
flow-synth-01858,Defence,icmp_like,91.62,0.97,1.23,113.08,991.21,1.43,1.0,71.84,88,0,4,0,10,0,Low
flow-synth-01859,Healthcare,video_like_udp,1173.18,106.85,68.11,79904.54,12.84,0.83,0.1,63.66,4335,14,4,1,67,0,Moderate
flow-synth-01860,Healthcare,bulk_transfer_like,1297.03,83.63,126.87,164548.86,5.7,2.92,0.07,69.18,8777,11,4,0,72,0,Moderate
flow-synth-01861,Government,bulk_transfer_like,1327.56,91.85,148.89,197659.4,2.18,1.36,0.09,75.45,11233,6,2,0,65,0,Moderate
flow-synth-01862,Healthcare,web_like,618.72,194.27,24.27,15017.29,37.66,22.6,0.61,78.75,1911,2,4,1,58,0,Low
flow-synth-01863,Defence,bulk_transfer_like,1409.58,89.74,222.99,314327.24,4.66,0.64,0.1,67.5,15051,11,2,0,64,0,Moderate
flow-synth-01864,Government,web_like,600.59,201.92,14.0,8408.13,45.67,21.31,0.51,61.45,860,5,2,0,59,0,Low
flow-synth-01865,Healthcare,icmp_like,88.24,1.68,1.15,101.29,999.6,1.42,1.0,43.35,49,0,2,1,11,0,Low
flow-synth-01866,Government,icmp_like,80.3,3.78,1.16,93.15,1014.98,2.9,1.0,39.12,45,0,4,0,17,0,Low
flow-synth-01867,Defence,idle_keepalive,132.72,11.73,0.1,50.0,30168.22,13.69,1.0,48.71,10,0,2,0,15,0,Low
flow-synth-01868,Government,bulk_transfer_like,1412.99,88.42,173.69,245423.1,4.64,3.69,0.09,31.6,5488,10,2,1,64,0,Moderate
flow-synth-01869,Government,icmp_like,82.4,1.43,0.88,72.84,993.64,2.17,1.0,68.41,60,0,2,0,25,0,Low
flow-synth-01870,Government,web_like,606.74,166.93,29.9,18141.67,45.3,8.49,0.61,36.66,1096,4,2,1,42,0,Low
flow-synth-01871,Defence,icmp_like,88.83,3.97,0.93,82.63,978.3,1.24,1.0,48.73,45,0,4,1,29,0,Low
flow-synth-01872,Defence,bulk_transfer_like,1421.38,101.54,166.0,235946.55,4.79,0.44,0.05,37.23,6180,8,2,0,62,0,Moderate
flow-synth-01873,Healthcare,bulk_transfer_like,1312.0,84.72,175.29,229975.5,4.96,1.58,0.09,36.81,6452,11,2,0,55,0,Moderate
flow-synth-01874,Defence,icmp_like,82.88,1.14,1.0,83.09,1000.27,1.5,1.0,87.5,87,0,2,1,27,0,Low
flow-synth-01875,Defence,web_like,520.63,248.49,21.06,10964.48,63.91,24.46,0.47,9.32,196,4,2,1,47,0,Low
flow-synth-01876,Defence,bulk_transfer_like,1414.67,88.68,234.69,332011.06,5.99,1.56,0.1,70.88,16635,10,4,1,62,0,Moderate
flow-synth-01877,Healthcare,video_like_udp,1298.08,87.77,68.07,88354.33,15.01,2.17,0.16,41.38,2816,12,2,0,77,0,Moderate
flow-synth-01878,Defence,bulk_transfer_like,1353.36,69.56,142.62,193010.42,6.94,2.98,0.12,54.52,7775,11,4,0,67,0,Moderate
flow-synth-01879,Government,bulk_transfer_like,1385.82,87.31,207.6,287695.57,7.33,1.82,0.11,87.87,18242,10,2,0,74,0,Moderate
flow-synth-01880,Defence,web_like,529.44,224.67,15.47,8191.94,45.2,17.34,0.29,23.19,358,3,4,0,53,0,Low
flow-synth-01881,Government,bulk_transfer_like,1439.79,90.27,202.19,291108.54,5.1,2.21,0.08,47.52,9607,10,2,1,69,0,Moderate
flow-synth-01882,Government,icmp_like,85.38,4.51,1.05,89.77,987.33,1.16,1.0,56.58,59,0,4,0,10,0,Low
flow-synth-01883,Government,web_like,784.77,189.54,15.3,12008.39,39.51,17.38,0.25,37.53,574,3,2,1,34,0,Low
flow-synth-01884,Defence,video_like_udp,1253.5,83.09,75.1,94142.21,14.57,1.22,0.12,30.18,2266,11,2,0,74,0,Moderate
flow-synth-01885,Defence,icmp_like,81.53,2.68,0.81,66.36,995.94,0.52,1.0,85.48,69,0,4,1,21,0,Low
flow-synth-01886,Government,video_like_udp,1266.77,102.12,81.38,103091.55,15.4,2.15,0.15,90.54,7368,12,2,1,80,0,Moderate
flow-synth-01887,Government,video_like_udp,1308.51,77.99,60.89,79671.31,13.63,2.33,0.11,55.23,3362,19,4,0,73,0,Moderate
flow-synth-01888,Healthcare,bulk_transfer_like,1385.34,67.3,147.59,204464.74,6.94,2.45,0.08,49.2,7261,10,4,0,71,0,Moderate
flow-synth-01889,Healthcare,idle_keepalive,131.94,9.62,0.11,50.0,29467.76,7.66,1.0,44.32,10,0,4,1,25,0,Low
flow-synth-01890,Government,video_like_udp,1196.85,82.7,61.67,73814.29,15.75,2.15,0.14,82.71,5101,11,2,0,66,0,Moderate
flow-synth-01891,Government,bulk_transfer_like,1371.09,65.84,168.72,231325.35,4.14,2.85,0.1,42.15,7110,6,2,1,65,0,Moderate
flow-synth-01892,Defence,bulk_transfer_like,1379.63,72.8,175.15,241647.67,5.03,1.97,0.11,58.42,10231,6,4,0,58,0,Moderate
flow-synth-01893,Government,icmp_like,83.33,2.15,0.98,81.76,1008.03,1.47,1.0,16.07,15,0,2,0,19,0,Low
flow-synth-01894,Defence,web_like,589.1,184.39,14.92,8789.33,47.93,18.85,0.38,79.87,1191,2,2,0,54,0,Low
flow-synth-01895,Government,bulk_transfer_like,1363.99,114.25,184.22,251278.53,4.94,1.01,0.06,53.56,9866,7,4,0,66,0,Moderate
flow-synth-01896,Government,web_like,487.53,185.34,32.2,15698.6,50.46,13.25,0.27,36.43,1172,4,2,0,44,0,Low
flow-synth-01897,Defence,video_like_udp,1297.6,102.73,57.16,74170.33,15.61,2.56,0.08,20.97,1198,18,4,0,81,1,High
flow-synth-01898,Defence,bulk_transfer_like,1337.37,54.64,268.73,359385.68,6.54,2.92,0.08,83.46,22427,6,4,1,63,0,Moderate
flow-synth-01899,Government,idle_keepalive,120.26,9.59,0.12,50.0,30107.81,9.03,1.0,50.0,10,0,2,0,27,0,Low
flow-synth-01900,Defence,web_like,316.5,252.5,34.89,11042.72,39.17,5.43,0.39,101.45,3539,2,2,1,38,0,Low
flow-synth-01901,Healthcare,bulk_transfer_like,1339.36,82.17,192.32,257591.33,4.94,1.64,0.09,78.07,15015,10,2,1,71,0,Moderate
flow-synth-01902,Government,bulk_transfer_like,1422.85,114.96,218.32,310631.71,4.9,2.2,0.01,72.75,15882,9,2,0,58,0,Moderate
flow-synth-01903,Defence,icmp_like,81.03,2.52,0.8,64.77,998.9,0.69,1.0,87.12,69,0,2,0,29,0,Low
flow-synth-01904,Healthcare,video_like_udp,1313.08,139.91,78.9,103604.56,13.17,1.9,0.17,51.14,4035,10,2,0,77,0,Moderate
flow-synth-01905,Healthcare,idle_keepalive,134.71,7.58,0.17,50.0,29984.43,10.34,1.0,43.64,10,0,2,0,26,0,Low
flow-synth-01906,Healthcare,web_like,555.46,275.97,30.89,17156.52,35.91,9.95,0.15,86.32,2666,5,2,1,46,0,Low
flow-synth-01907,Healthcare,bulk_transfer_like,1394.88,97.17,140.95,196603.56,8.15,1.87,0.12,76.17,10736,10,2,0,56,0,Moderate
flow-synth-01908,Government,video_like_udp,1232.09,84.55,55.28,68105.07,12.91,1.67,0.07,56.5,3123,19,2,0,68,0,Moderate
flow-synth-01909,Healthcare,icmp_like,82.05,2.18,0.96,78.56,1002.5,2.54,1.0,36.84,35,0,4,1,20,0,Low
flow-synth-01910,Defence,video_like_udp,1340.94,68.15,60.69,81376.54,17.6,2.07,0.11,45.85,2782,16,2,0,68,0,Moderate
flow-synth-01911,Government,web_like,494.02,276.87,34.01,16803.23,34.88,20.7,0.39,64.72,2201,4,2,0,59,0,Low
flow-synth-01912,Healthcare,icmp_like,75.15,0.18,1.22,91.92,1006.04,1.43,1.0,52.3,63,0,2,0,23,0,Low
flow-synth-01913,Healthcare,bulk_transfer_like,1305.56,96.92,185.02,241553.84,3.78,2.01,0.06,58.54,10830,7,2,0,56,0,Moderate
flow-synth-01914,Defence,bulk_transfer_like,1380.73,90.71,159.76,220591.86,6.24,2.35,0.07,32.95,5263,7,2,0,68,0,Moderate
flow-synth-01915,Government,video_like_udp,1303.19,71.87,64.01,83417.06,12.39,1.77,0.18,88.84,5686,11,2,0,84,1,High
flow-synth-01916,Defence,video_like_udp,1238.63,60.33,58.57,72545.82,14.47,1.7,0.1,19.84,1162,11,2,1,65,0,Moderate
flow-synth-01917,Healthcare,idle_keepalive,129.42,7.42,0.1,50.0,29883.29,16.13,1.0,64.5,10,0,2,1,15,0,Low
flow-synth-01918,Government,bulk_transfer_like,1390.24,77.04,197.38,274406.16,5.04,1.52,0.05,108.37,21389,10,2,0,55,0,Moderate
flow-synth-01919,Defence,bulk_transfer_like,1358.6,104.93,133.8,181779.92,2.62,1.25,0.01,102.24,13679,6,2,1,55,0,Moderate
flow-synth-01920,Government,web_like,727.16,243.79,17.3,12578.57,45.77,12.14,0.35,76.56,1324,4,4,0,36,0,Low
flow-synth-01921,Defence,web_like,628.26,214.03,41.42,26022.66,36.75,12.6,0.46,46.5,1926,3,2,0,57,0,Low
flow-synth-01922,Government,web_like,655.83,254.28,15.16,9941.51,40.52,11.2,0.23,46.14,699,3,2,0,46,0,Low
flow-synth-01923,Government,video_like_udp,1308.83,118.46,76.2,99738.93,14.11,2.1,0.1,47.89,3649,14,4,1,79,0,Moderate
flow-synth-01924,Healthcare,icmp_like,85.11,2.16,0.79,66.89,1009.66,2.45,1.0,20.27,15,0,4,0,23,0,Low
flow-synth-01925,Government,web_like,446.78,271.24,0.1,50.0,40.47,27.18,0.69,35.85,10,4,4,0,31,0,Low
flow-synth-01926,Defence,video_like_udp,1326.09,88.9,47.38,62831.81,14.71,1.93,0.12,72.87,3452,9,4,0,79,0,Moderate
flow-synth-01927,Healthcare,video_like_udp,1270.45,97.03,40.19,51055.86,10.3,1.95,0.11,55.0,2210,15,2,1,87,1,High
flow-synth-01928,Defence,web_like,598.14,245.05,31.92,19094.04,47.35,7.2,0.35,106.08,3386,3,2,0,43,0,Low
flow-synth-01929,Government,bulk_transfer_like,1338.23,80.24,173.23,231821.98,4.74,2.29,0.09,36.91,6393,5,2,1,62,0,Moderate
flow-synth-01930,Healthcare,icmp_like,84.09,0.92,1.25,105.23,1006.84,2.53,1.0,69.66,87,0,2,0,28,0,Low
flow-synth-01931,Healthcare,icmp_like,86.53,2.47,1.02,88.28,1006.97,0.1,1.0,27.52,28,0,2,0,20,0,Low
flow-synth-01932,Government,bulk_transfer_like,1404.82,56.1,190.33,267373.65,6.09,2.33,0.07,73.25,13941,6,2,0,71,0,Moderate
flow-synth-01933,Healthcare,bulk_transfer_like,1339.07,86.44,165.94,222209.89,7.34,2.36,0.1,44.53,7388,4,2,1,73,0,Moderate
flow-synth-01934,Defence,bulk_transfer_like,1370.06,66.11,197.4,270444.37,2.91,1.81,0.13,68.79,13578,7,4,0,69,0,Moderate
flow-synth-01935,Government,video_like_udp,1133.47,126.88,74.27,84185.97,15.02,1.2,0.09,79.96,5938,9,2,0,81,1,High
flow-synth-01936,Defence,bulk_transfer_like,1341.85,104.23,138.69,186107.05,5.35,1.81,0.11,49.54,6871,4,2,0,57,0,Moderate
flow-synth-01937,Defence,web_like,599.98,245.48,25.69,15412.84,36.98,15.9,0.4,57.45,1475,3,2,0,50,0,Low
flow-synth-01938,Healthcare,video_like_udp,1270.79,125.15,64.12,81487.35,16.24,2.3,0.12,75.75,4857,19,2,0,86,1,High
flow-synth-01939,Healthcare,idle_keepalive,126.32,7.55,0.1,50.0,29511.13,13.58,1.0,34.91,10,0,2,0,34,0,Low
flow-synth-01940,Government,idle_keepalive,128.85,4.36,0.1,50.0,30171.65,8.88,1.0,99.19,10,0,2,1,24,0,Low
flow-synth-01941,Government,video_like_udp,1283.73,79.32,56.7,72793.05,14.78,1.44,0.15,72.3,4099,9,4,1,87,1,High
flow-synth-01942,Defence,icmp_like,77.63,1.59,0.69,53.88,1007.69,1.73,1.0,71.7,49,0,2,0,14,0,Low
flow-synth-01943,Government,idle_keepalive,106.66,10.21,0.1,50.0,29962.72,13.78,1.0,57.79,10,0,2,0,34,0,Low
flow-synth-01944,Defence,video_like_udp,1345.8,107.76,67.22,90458.47,13.73,2.0,0.2,32.2,2164,18,4,1,81,1,High
flow-synth-01945,Government,bulk_transfer_like,1320.97,81.81,137.11,181114.6,5.4,1.58,0.05,65.33,8957,6,2,0,64,0,Moderate
flow-synth-01946,Defence,idle_keepalive,116.65,10.79,0.12,50.0,29752.01,8.32,1.0,114.42,14,0,2,1,16,0,Low
flow-synth-01947,Government,bulk_transfer_like,1341.1,44.66,110.34,147973.03,4.9,1.68,0.08,70.17,7741,7,4,0,73,0,Moderate
flow-synth-01948,Defence,bulk_transfer_like,1382.62,59.75,92.68,128142.84,4.69,1.98,0.08,82.66,7661,4,2,0,58,0,Moderate
flow-synth-01949,Government,web_like,427.81,173.36,33.75,14440.77,27.71,23.01,0.33,47.63,1607,4,2,0,53,0,Low
flow-synth-01950,Government,idle_keepalive,125.28,11.07,0.13,50.0,29815.54,6.58,1.0,75.53,10,0,4,0,18,0,Low
flow-synth-01951,Healthcare,icmp_like,89.2,1.47,0.86,76.89,982.04,2.46,1.0,27.57,23,0,4,0,11,0,Low
flow-synth-01952,Government,web_like,589.84,184.17,19.41,11447.99,33.84,15.66,0.39,49.03,951,3,2,1,44,0,Low
flow-synth-01953,Government,icmp_like,85.06,1.5,0.95,80.91,985.35,2.91,1.0,47.44,45,0,4,1,19,0,Low
flow-synth-01954,Healthcare,icmp_like,86.12,1.57,0.95,81.55,993.98,0.75,1.0,60.8,57,0,2,0,24,0,Low
flow-synth-01955,Government,web_like,659.58,138.75,33.75,22263.39,33.03,29.16,0.5,70.95,2394,3,2,0,41,0,Low
flow-synth-01956,Defence,idle_keepalive,142.66,7.91,0.1,50.0,29997.05,11.77,1.0,49.28,10,0,2,1,20,0,Low
flow-synth-01957,Healthcare,idle_keepalive,116.58,4.73,0.14,50.0,30203.12,3.35,1.0,57.4,10,0,2,0,27,0,Low
flow-synth-01958,Healthcare,web_like,448.21,204.83,28.97,12984.51,38.42,27.44,0.47,67.91,1967,3,4,0,44,0,Low
flow-synth-01959,Healthcare,idle_keepalive,100.87,6.86,0.11,50.0,30045.73,13.92,1.0,97.36,10,0,2,0,27,0,Low
flow-synth-01960,Healthcare,idle_keepalive,119.94,9.4,0.1,50.0,30100.62,10.83,1.0,57.73,10,0,2,1,34,0,Low
flow-synth-01961,Government,web_like,429.81,210.02,23.65,10163.39,58.46,25.97,0.33,47.56,1124,3,4,0,37,0,Low
flow-synth-01962,Government,video_like_udp,1297.37,63.13,91.03,118094.98,11.25,1.83,0.08,53.33,4854,17,2,0,82,1,High
flow-synth-01963,Defence,video_like_udp,1320.57,106.01,71.78,94791.72,14.1,2.34,0.1,31.88,2288,18,2,0,84,1,High
flow-synth-01964,Government,web_like,382.51,322.97,10.77,4118.99,42.12,24.86,0.56,87.02,937,2,2,0,51,0,Low
flow-synth-01965,Defence,video_like_udp,1325.67,100.31,66.41,88032.16,14.99,1.35,0.17,86.24,5727,9,2,0,87,1,High
flow-synth-01966,Defence,web_like,442.75,203.85,22.85,10117.95,41.61,18.39,0.54,46.46,1061,2,2,1,34,0,Low
flow-synth-01967,Government,icmp_like,78.25,1.54,1.25,97.6,1001.11,1.86,1.0,78.5,97,0,2,1,17,0,Low
flow-synth-01968,Government,idle_keepalive,137.21,9.64,0.13,50.0,29862.38,9.4,1.0,50.82,10,0,4,0,19,0,Low
flow-synth-01969,Government,web_like,806.13,183.7,20.02,16139.71,46.31,19.23,0.39,57.84,1158,5,2,0,57,0,Low
flow-synth-01970,Defence,web_like,540.65,196.06,10.22,5526.78,43.41,20.61,0.42,74.96,766,5,2,1,56,0,Low
flow-synth-01971,Government,bulk_transfer_like,1417.49,67.18,178.46,252963.64,4.59,2.9,0.1,49.85,8896,11,4,0,59,0,Moderate
flow-synth-01972,Healthcare,icmp_like,87.74,0.96,1.33,116.3,1004.64,1.34,1.0,45.3,60,0,4,0,21,0,Low
flow-synth-01973,Healthcare,bulk_transfer_like,1372.07,66.11,160.09,219649.42,5.51,2.14,0.09,77.56,12416,4,2,0,56,0,Moderate
flow-synth-01974,Government,icmp_like,78.95,3.41,0.81,64.04,993.85,2.22,1.0,98.24,79,0,2,0,25,0,Low
flow-synth-01975,Healthcare,video_like_udp,1233.13,134.65,64.38,79389.91,16.73,1.56,0.13,73.01,4700,13,2,1,82,1,High
flow-synth-01976,Healthcare,video_like_udp,1257.48,109.74,63.15,79403.83,15.83,1.25,0.08,66.72,4212,19,2,1,68,0,Moderate
flow-synth-01977,Government,idle_keepalive,121.86,6.15,0.1,50.0,29926.13,14.44,1.0,24.07,10,0,2,0,34,0,Low
flow-synth-01978,Government,idle_keepalive,114.89,7.55,0.1,50.0,30007.16,10.41,1.0,75.2,10,0,4,1,21,0,Low
flow-synth-01979,Defence,web_like,293.07,149.29,13.61,3988.43,20.94,16.31,0.43,34.14,464,3,2,0,33,0,Low
flow-synth-01980,Healthcare,bulk_transfer_like,1375.5,103.62,176.15,242300.15,6.41,2.51,0.04,30.62,5392,8,2,0,72,0,Moderate
flow-synth-01981,Government,icmp_like,87.81,0.54,1.15,101.29,1009.72,2.92,1.0,74.48,85,0,2,0,23,0,Low
flow-synth-01982,Defence,web_like,538.73,297.47,32.19,17339.08,30.11,25.04,0.44,97.87,3149,4,4,0,40,0,Low
flow-synth-01983,Defence,bulk_transfer_like,1342.42,88.31,158.22,212392.4,5.67,2.28,0.06,39.4,6233,4,2,0,65,0,Moderate
flow-synth-01984,Healthcare,idle_keepalive,122.2,9.19,0.12,50.0,29988.28,9.28,1.0,73.24,10,0,4,0,23,0,Low
flow-synth-01985,Healthcare,idle_keepalive,134.59,9.78,0.1,50.0,29933.19,15.34,1.0,61.62,10,0,2,0,18,0,Low
flow-synth-01986,Healthcare,video_like_udp,1271.59,126.75,65.67,83506.78,16.56,1.66,0.15,71.25,4678,12,2,0,70,0,Moderate
flow-synth-01987,Healthcare,video_like_udp,1345.07,28.22,80.57,108370.01,16.48,2.03,0.16,40.55,3266,12,2,1,71,0,Moderate
flow-synth-01988,Defence,idle_keepalive,114.91,7.9,0.12,50.0,30313.09,11.24,1.0,67.13,10,0,2,0,18,0,Low
flow-synth-01989,Government,web_like,586.86,183.14,24.32,14272.31,62.93,20.44,0.46,45.71,1111,4,4,0,35,0,Low
flow-synth-01990,Government,web_like,556.12,264.37,14.04,7807.5,27.43,17.33,0.54,57.7,810,2,2,0,40,0,Low
flow-synth-01991,Defence,video_like_udp,1260.48,106.04,69.92,88128.6,14.73,1.1,0.18,71.21,4978,8,2,0,66,0,Moderate
flow-synth-01992,Defence,web_like,660.72,194.76,30.63,20235.5,50.02,21.81,0.22,63.3,1938,4,2,1,36,0,Low
flow-synth-01993,Defence,bulk_transfer_like,1455.09,61.7,227.57,331139.45,7.22,2.6,0.06,93.93,21375,10,2,0,63,0,Moderate
flow-synth-01994,Defence,bulk_transfer_like,1351.41,78.43,233.55,315615.97,6.81,3.23,0.1,83.95,19605,11,4,0,61,0,Moderate
flow-synth-01995,Healthcare,bulk_transfer_like,1391.29,85.27,179.88,250267.95,4.23,0.79,0.08,75.89,13651,11,4,0,56,0,Moderate
flow-synth-01996,Defence,video_like_udp,1200.78,51.3,64.93,77961.46,16.47,2.5,0.16,34.2,2220,16,2,0,79,0,Moderate
flow-synth-01997,Government,bulk_transfer_like,1389.83,87.53,204.26,283883.45,6.09,2.37,0.16,58.48,11944,5,2,1,55,0,Moderate
flow-synth-01998,Defence,icmp_like,80.64,3.62,0.68,54.57,993.67,0.82,1.0,86.49,58,0,2,1,16,0,Low
flow-synth-01999,Government,bulk_transfer_like,1435.09,71.03,164.25,235711.53,5.58,1.85,0.09,58.03,9530,11,4,1,60,0,Moderate
flow-synth-02000,Healthcare,bulk_transfer_like,1379.72,64.19,183.43,253077.53,4.92,1.95,0.09,81.19,14892,9,2,0,61,0,Moderate
flow-synth-02001,Government,bulk_transfer_like,1420.63,80.32,141.22,200618.05,5.12,3.28,0.04,83.04,11726,6,4,0,67,0,Moderate
flow-synth-02002,Government,web_like,361.41,205.48,28.46,10287.51,43.51,10.55,0.26,46.04,1310,2,2,0,56,0,Low
flow-synth-02003,Defence,bulk_transfer_like,1385.05,66.7,149.77,207441.29,4.33,2.5,0.03,55.67,8337,4,2,1,72,0,Moderate
flow-synth-02004,Government,web_like,433.27,233.58,28.34,12279.64,35.69,15.48,0.38,36.93,1046,4,2,1,40,0,Low
flow-synth-02005,Government,icmp_like,74.37,2.24,1.14,84.44,992.2,2.3,1.0,51.22,58,0,4,1,23,0,Low
flow-synth-02006,Defence,video_like_udp,1284.64,100.15,52.37,67276.02,13.28,1.83,0.12,86.99,4555,15,2,0,81,1,High
flow-synth-02007,Healthcare,bulk_transfer_like,1380.3,66.46,228.68,315645.32,7.19,1.62,0.16,59.99,13717,7,2,0,55,0,Moderate
flow-synth-02008,Defence,video_like_udp,1243.5,117.17,59.48,73958.11,14.06,0.73,0.12,71.58,4257,18,2,0,78,0,Moderate
flow-synth-02009,Government,video_like_udp,1169.79,53.45,58.03,67885.82,16.64,1.91,0.16,62.16,3607,12,2,0,84,1,High
flow-synth-02010,Defence,video_like_udp,1125.29,83.82,63.77,71763.46,15.21,2.53,0.08,54.94,3503,15,2,1,73,0,Moderate
flow-synth-02011,Healthcare,video_like_udp,1249.63,51.43,42.25,52792.01,14.99,2.54,0.12,80.43,3397,16,4,1,72,0,Moderate
flow-synth-02012,Defence,video_like_udp,1256.74,80.97,60.07,75495.26,12.6,1.82,0.15,90.32,5425,18,2,0,66,0,Moderate
flow-synth-02013,Healthcare,web_like,383.09,127.29,14.78,5660.79,23.51,20.32,0.35,55.61,821,5,2,1,37,0,Low
flow-synth-02014,Healthcare,web_like,622.18,247.71,32.39,20153.57,45.96,21.65,0.35,28.57,925,2,2,0,48,0,Low
flow-synth-02015,Government,icmp_like,77.42,1.61,0.82,63.65,994.83,1.82,1.0,45.98,37,0,2,1,17,0,Low
flow-synth-02016,Healthcare,bulk_transfer_like,1404.29,107.8,225.63,316849.78,5.0,1.88,0.05,65.08,14683,11,4,1,70,0,Moderate
flow-synth-02017,Healthcare,idle_keepalive,111.47,9.93,0.1,50.0,29891.58,15.44,1.0,41.21,10,0,4,0,18,0,Low
flow-synth-02018,Healthcare,bulk_transfer_like,1304.55,109.46,200.6,261690.26,5.26,2.05,0.11,45.34,9094,8,2,1,61,0,Moderate
flow-synth-02019,Healthcare,bulk_transfer_like,1343.92,67.51,107.81,144887.58,4.52,1.68,0.04,68.81,7417,7,4,0,57,0,Moderate
flow-synth-02020,Government,web_like,431.67,235.36,25.16,10859.96,35.42,27.63,0.42,86.88,2185,2,2,0,53,0,Low
flow-synth-02021,Government,web_like,639.42,199.89,14.56,9310.94,40.4,12.18,0.36,42.58,619,3,2,0,52,0,Low
flow-synth-02022,Healthcare,web_like,499.7,189.97,37.55,18761.55,35.34,20.38,0.31,52.48,1970,5,2,1,58,0,Low
flow-synth-02023,Healthcare,web_like,553.73,287.76,18.23,10096.73,61.26,9.34,0.14,57.05,1040,4,2,0,33,0,Low
flow-synth-02024,Defence,icmp_like,91.17,1.9,1.13,103.19,991.13,2.8,1.0,36.99,41,0,2,0,29,0,Low
flow-synth-02025,Government,icmp_like,85.09,0.66,0.96,81.44,994.0,2.59,1.0,41.39,39,0,2,0,28,0,Low
flow-synth-02026,Defence,video_like_udp,1285.04,136.37,66.2,85073.82,14.83,2.57,0.14,54.49,3607,19,4,0,66,0,Moderate
flow-synth-02027,Defence,web_like,508.91,201.71,20.05,10202.39,43.27,17.97,0.65,49.9,1000,5,2,0,40,0,Low
flow-synth-02028,Defence,web_like,742.17,226.89,22.01,16335.4,52.02,23.1,0.65,87.16,1918,5,2,0,48,0,Low
flow-synth-02029,Healthcare,web_like,461.51,225.06,14.69,6778.85,53.0,14.09,0.49,73.41,1078,5,4,0,35,0,Low
flow-synth-02030,Healthcare,video_like_udp,1323.6,79.82,58.11,76912.01,13.84,2.08,0.08,14.26,828,12,2,0,71,0,Moderate
flow-synth-02031,Defence,bulk_transfer_like,1300.07,52.83,125.08,162608.48,5.04,2.57,0.06,53.79,6728,5,4,0,73,0,Moderate
flow-synth-02032,Healthcare,video_like_udp,1324.66,99.05,76.78,101713.23,14.83,2.67,0.1,28.63,2198,10,2,0,71,0,Moderate
flow-synth-02033,Healthcare,bulk_transfer_like,1419.8,62.12,237.8,337623.6,4.94,2.76,0.12,48.44,11519,11,2,0,74,0,Moderate
flow-synth-02034,Defence,video_like_udp,1291.05,118.6,68.02,87815.15,12.55,2.1,0.07,40.29,2740,12,4,0,70,0,Moderate
flow-synth-02035,Healthcare,bulk_transfer_like,1304.81,59.13,151.61,197821.33,6.1,2.65,0.11,59.3,8991,9,2,0,57,0,Moderate
flow-synth-02036,Government,bulk_transfer_like,1342.44,101.95,175.87,236100.82,4.88,1.57,0.1,35.19,6189,7,2,0,67,0,Moderate
flow-synth-02037,Defence,video_like_udp,1322.63,100.4,53.67,70991.28,17.74,1.18,0.03,76.94,4129,16,2,0,78,0,Moderate
flow-synth-02038,Government,web_like,668.37,224.36,37.05,24764.59,59.72,3.42,0.44,42.32,1568,5,2,1,42,0,Low
flow-synth-02039,Healthcare,video_like_udp,1268.99,51.06,67.11,85162.38,9.89,1.66,0.16,38.81,2604,16,4,0,75,0,Moderate
flow-synth-02040,Healthcare,video_like_udp,1279.07,147.51,61.35,78468.7,9.0,0.78,0.07,98.5,6042,10,4,0,69,0,Moderate
flow-synth-02041,Healthcare,video_like_udp,1294.3,73.77,78.65,101801.67,12.01,1.19,0.03,96.02,7552,15,2,0,72,0,Moderate
flow-synth-02042,Government,video_like_udp,1310.8,102.59,67.57,88568.69,15.81,1.94,0.12,39.89,2695,8,2,0,76,0,Moderate
flow-synth-02043,Government,bulk_transfer_like,1294.92,65.19,108.03,139894.37,7.04,1.4,0.05,33.33,3600,10,4,0,56,0,Moderate
flow-synth-02044,Government,web_like,636.3,197.58,4.77,3037.77,47.32,5.82,0.43,64.61,308,3,4,0,32,0,Low
flow-synth-02045,Defence,video_like_udp,1241.27,148.57,78.4,97310.25,14.12,1.74,0.13,77.27,6057,19,2,0,65,0,Moderate
flow-synth-02046,Government,web_like,435.62,361.1,25.2,10975.69,34.62,21.63,0.51,52.26,1316,4,2,0,48,0,Low
flow-synth-02047,Defence,video_like_udp,1324.52,158.18,60.41,80016.58,17.2,1.43,0.12,60.59,3660,16,2,0,69,0,Moderate
flow-synth-02048,Healthcare,video_like_udp,1209.51,94.01,67.6,81765.23,11.96,2.33,0.09,82.84,5600,13,2,0,82,1,High
flow-synth-02049,Government,icmp_like,81.89,0.51,0.99,81.26,1000.17,2.58,1.0,36.41,36,0,2,0,15,0,Low
flow-synth-02050,Defence,bulk_transfer_like,1398.33,89.8,172.05,240581.34,6.64,2.41,0.09,25.67,4417,11,2,0,65,0,Moderate
flow-synth-02051,Government,video_like_udp,1234.88,82.95,39.7,49027.73,16.07,1.81,0.13,68.63,2724,8,2,0,69,0,Moderate
flow-synth-02052,Healthcare,video_like_udp,1318.52,73.13,48.24,63600.07,12.09,1.92,0.16,78.25,3774,17,2,1,71,0,Moderate
flow-synth-02053,Defence,web_like,623.62,250.15,21.99,13711.85,56.1,25.06,0.38,49.73,1093,5,4,0,35,0,Low
flow-synth-02054,Healthcare,idle_keepalive,111.45,9.3,0.1,50.0,29886.78,10.92,1.0,44.6,10,0,2,1,16,0,Low
flow-synth-02055,Government,web_like,599.79,237.27,43.04,25816.72,55.51,19.46,0.31,65.87,2835,2,2,1,41,0,Low
flow-synth-02056,Government,web_like,444.92,246.87,29.62,13179.38,44.6,11.68,0.3,57.24,1695,4,2,0,40,0,Low
flow-synth-02057,Healthcare,video_like_udp,1238.22,124.35,53.82,66640.53,16.24,2.01,0.08,61.46,3307,10,4,1,73,0,Moderate
flow-synth-02058,Government,bulk_transfer_like,1328.5,75.37,161.99,215207.11,6.64,2.35,0.07,35.52,5753,7,2,1,58,0,Moderate
flow-synth-02059,Government,icmp_like,78.57,3.59,1.11,87.1,1001.4,1.47,1.0,55.29,61,0,2,0,29,0,Low
flow-synth-02060,Defence,icmp_like,87.71,1.64,0.88,77.08,993.29,2.25,1.0,67.12,58,0,2,0,15,0,Low
flow-synth-02061,Defence,video_like_udp,1282.81,88.7,76.68,98364.45,12.06,1.95,0.12,34.95,2679,19,2,0,66,0,Moderate
flow-synth-02062,Government,bulk_transfer_like,1388.14,80.61,242.93,337214.04,7.35,2.36,0.09,130.27,31646,11,2,0,65,0,Moderate
flow-synth-02063,Defence,video_like_udp,1296.93,110.1,54.25,70356.41,16.03,1.61,0.15,31.48,1707,11,2,1,83,1,High
flow-synth-02064,Government,bulk_transfer_like,1395.96,71.37,133.96,187004.1,5.94,2.54,0.08,57.07,7645,5,4,0,67,0,Moderate
flow-synth-02065,Defence,web_like,510.07,214.71,14.38,7334.82,31.95,24.14,0.51,83.28,1197,3,4,0,33,0,Low
flow-synth-02066,Healthcare,video_like_udp,1274.88,110.22,76.94,98088.37,13.38,1.54,0.14,47.6,3662,18,2,0,87,1,High
flow-synth-02067,Government,icmp_like,84.13,1.55,1.11,93.01,1000.37,1.22,1.0,87.11,96,0,2,0,26,0,Low
flow-synth-02068,Defence,icmp_like,89.7,1.22,1.15,102.89,989.2,3.29,1.0,37.39,42,0,2,0,12,0,Low
flow-synth-02069,Government,web_like,398.15,220.81,27.57,10978.55,42.93,20.22,0.29,37.03,1021,4,2,1,47,0,Low
flow-synth-02070,Healthcare,web_like,671.19,162.15,5.47,3670.34,49.47,16.18,0.37,66.66,364,4,2,0,51,0,Low
flow-synth-02071,Healthcare,icmp_like,81.7,1.32,0.96,78.72,1003.27,3.03,1.0,61.54,59,0,2,1,28,0,Low
flow-synth-02072,Defence,video_like_udp,1404.32,92.14,61.74,86699.46,17.99,1.81,0.08,42.38,2616,16,2,0,73,0,Moderate
flow-synth-02073,Healthcare,idle_keepalive,135.44,5.35,0.12,50.0,30136.92,12.24,1.0,65.93,10,0,2,1,17,0,Low
flow-synth-02074,Healthcare,icmp_like,81.21,3.9,1.31,106.66,1004.67,0.63,1.0,47.87,62,0,2,1,25,0,Low
flow-synth-02075,Healthcare,bulk_transfer_like,1317.92,83.4,257.16,338916.63,6.38,2.73,0.05,73.38,18869,5,4,1,62,0,Moderate
flow-synth-02076,Healthcare,icmp_like,79.56,2.73,0.69,54.56,996.61,0.36,1.0,46.63,31,0,4,0,11,0,Low
flow-synth-02077,Government,video_like_udp,1503.95,120.47,72.61,109203.59,14.35,2.58,0.16,97.63,7089,17,2,1,65,0,Moderate
flow-synth-02078,Healthcare,icmp_like,83.69,4.28,1.33,111.03,1009.41,2.23,1.0,68.41,90,0,2,1,13,0,Low
flow-synth-02079,Defence,idle_keepalive,111.5,12.15,0.16,50.0,29998.71,15.87,1.0,89.76,14,0,2,0,29,0,Low
flow-synth-02080,Defence,bulk_transfer_like,1359.93,93.16,213.13,289848.74,5.28,2.79,0.02,79.15,16869,10,2,1,71,0,Moderate
flow-synth-02081,Government,web_like,405.32,198.75,23.05,9343.23,35.83,23.4,0.29,48.89,1127,4,2,0,36,0,Low
flow-synth-02082,Defence,video_like_udp,1330.92,80.1,63.71,84798.96,12.99,2.34,0.17,53.06,3380,9,4,1,74,0,Moderate
flow-synth-02083,Government,web_like,511.8,221.42,30.43,15571.64,34.63,9.65,0.62,40.63,1236,3,2,0,39,0,Low
flow-synth-02084,Defence,bulk_transfer_like,1399.84,53.07,203.05,284235.8,2.62,0.82,0.11,69.55,14121,4,2,0,65,0,Moderate
flow-synth-02085,Government,video_like_udp,1215.33,84.67,79.23,96288.54,18.85,2.67,0.12,77.93,6174,13,4,0,69,0,Moderate
flow-synth-02086,Government,bulk_transfer_like,1288.44,79.65,156.54,201686.65,4.72,2.18,0.06,37.12,5810,11,4,0,69,0,Moderate
flow-synth-02087,Healthcare,idle_keepalive,142.14,8.3,0.14,50.0,30026.69,9.47,1.0,56.99,10,0,2,0,28,0,Low
flow-synth-02088,Healthcare,web_like,473.03,162.97,23.67,11195.59,37.15,22.13,0.5,82.02,1941,5,2,1,48,0,Low
flow-synth-02089,Healthcare,icmp_like,81.69,1.36,1.2,98.16,995.32,3.05,1.0,46.18,55,0,2,0,15,0,Low
flow-synth-02090,Healthcare,icmp_like,86.2,1.61,1.23,106.19,1004.45,1.25,1.0,97.18,119,0,2,0,21,0,Low
flow-synth-02091,Government,bulk_transfer_like,1380.65,71.09,163.34,225520.22,4.09,2.48,0.07,80.73,13186,5,4,0,73,0,Moderate
flow-synth-02092,Government,web_like,459.72,221.88,31.25,14366.31,39.8,22.02,0.35,53.08,1658,4,4,0,53,0,Low
flow-synth-02093,Defence,bulk_transfer_like,1309.33,73.94,190.86,249895.85,3.29,1.95,0.1,46.23,8822,9,2,0,74,0,Moderate
flow-synth-02094,Defence,bulk_transfer_like,1273.71,66.81,187.09,238299.35,5.62,2.47,0.12,60.57,11332,5,4,0,60,0,Moderate
flow-synth-02095,Healthcare,bulk_transfer_like,1395.48,80.82,111.71,155890.68,6.86,0.9,0.07,67.02,7486,7,4,0,61,0,Moderate
flow-synth-02096,Defence,bulk_transfer_like,1414.52,61.18,143.85,203485.08,6.63,1.83,0.09,74.86,10769,6,4,0,55,0,Moderate
flow-synth-02097,Government,web_like,591.09,195.61,21.67,12808.61,47.64,25.14,0.36,61.59,1334,5,4,1,50,0,Low
flow-synth-02098,Healthcare,bulk_transfer_like,1421.19,74.78,204.7,290921.77,6.08,1.62,0.11,62.56,12806,10,2,1,65,0,Moderate
flow-synth-02099,Defence,web_like,486.76,242.19,21.38,10404.72,43.33,27.09,0.51,76.55,1636,5,2,1,55,0,Low
flow-synth-02100,Healthcare,web_like,528.46,180.17,33.24,17567.23,12.98,18.38,0.35,41.54,1380,3,2,0,51,0,Low
flow-synth-02101,Defence,bulk_transfer_like,1322.59,98.89,234.04,309543.45,3.66,2.16,0.01,32.57,7622,5,2,0,60,0,Moderate
flow-synth-02102,Defence,icmp_like,83.42,0.2,1.06,88.67,990.06,1.03,1.0,46.56,49,0,2,1,28,0,Low
flow-synth-02103,Defence,web_like,678.12,187.48,32.98,22362.6,47.7,18.31,0.29,58.12,1916,5,2,0,52,0,Low
flow-synth-02104,Defence,icmp_like,79.18,2.37,1.03,81.91,992.68,1.38,1.0,42.56,44,0,2,0,18,0,Low
flow-synth-02105,Healthcare,web_like,681.35,203.76,11.62,7917.09,36.23,20.27,0.32,57.24,665,3,4,0,55,0,Low
flow-synth-02106,Defence,idle_keepalive,120.05,6.28,0.1,50.0,30272.95,8.82,1.0,104.06,10,0,2,0,32,0,Low
flow-synth-02107,Healthcare,web_like,368.99,193.36,25.4,9370.82,21.35,16.66,0.38,69.6,1767,5,4,0,49,0,Low
flow-synth-02108,Defence,web_like,594.58,167.46,20.3,12066.97,52.29,27.65,0.48,58.32,1183,5,2,0,37,0,Low
flow-synth-02109,Healthcare,icmp_like,83.5,1.92,1.31,109.72,992.54,2.54,1.0,47.43,62,0,2,1,24,0,Low
flow-synth-02110,Defence,bulk_transfer_like,1435.67,95.87,174.42,250416.69,7.54,2.48,0.04,51.47,8977,7,4,0,68,0,Moderate
flow-synth-02111,Healthcare,video_like_udp,1281.54,156.92,51.57,66094.73,16.66,1.64,0.15,67.8,3496,19,2,0,78,0,Moderate
flow-synth-02112,Defence,bulk_transfer_like,1416.9,95.52,183.49,259981.05,6.97,3.87,0.06,11.53,2115,9,4,1,57,0,Moderate
flow-synth-02113,Healthcare,icmp_like,90.13,3.53,1.17,105.4,994.84,1.51,1.0,43.75,51,0,2,0,25,0,Low
flow-synth-02114,Healthcare,video_like_udp,1313.58,110.37,57.05,74945.75,13.93,2.02,0.11,55.52,3167,9,4,0,80,0,Moderate
flow-synth-02115,Defence,web_like,703.29,239.99,21.19,14904.54,26.51,23.95,0.55,58.02,1229,2,2,1,49,0,Low
flow-synth-02116,Healthcare,web_like,677.4,244.23,24.84,16829.21,36.43,21.6,0.33,83.02,2062,2,4,1,43,0,Low
flow-synth-02117,Government,web_like,569.78,246.7,18.59,10591.93,54.42,13.99,0.25,57.42,1067,5,2,1,33,0,Low
flow-synth-02118,Healthcare,web_like,503.22,201.08,25.89,13028.8,38.05,19.47,0.44,72.79,1884,5,2,1,58,0,Low
flow-synth-02119,Healthcare,bulk_transfer_like,1389.48,87.48,145.93,202771.75,6.61,2.03,0.09,62.08,9059,4,2,0,56,0,Moderate
flow-synth-02120,Healthcare,idle_keepalive,79.41,6.97,0.13,50.0,30268.65,8.42,1.0,48.7,10,0,2,1,23,0,Low
flow-synth-02121,Defence,bulk_transfer_like,1360.99,70.31,103.28,140560.62,5.16,2.32,0.1,69.91,7219,4,2,0,56,0,Moderate
flow-synth-02122,Healthcare,bulk_transfer_like,1320.83,81.42,192.08,253708.13,6.98,2.16,0.09,41.79,8028,10,2,0,62,0,Moderate
flow-synth-02123,Government,web_like,539.27,239.42,27.9,15043.72,23.9,9.85,0.34,49.11,1370,3,2,1,50,0,Low
flow-synth-02124,Healthcare,video_like_udp,1290.39,113.33,77.0,99364.34,15.73,1.63,0.15,73.15,5632,10,4,0,75,0,Moderate
flow-synth-02125,Healthcare,video_like_udp,1325.95,123.47,81.14,107583.07,13.6,1.44,0.1,42.61,3457,19,2,0,84,1,High
flow-synth-02126,Defence,bulk_transfer_like,1423.32,85.75,136.15,193788.34,6.16,1.93,0.03,50.02,6810,8,2,0,74,0,Moderate
flow-synth-02127,Defence,icmp_like,81.38,2.09,1.13,92.22,1023.61,3.58,1.0,64.46,73,0,2,1,18,0,Low
flow-synth-02128,Defence,icmp_like,86.67,3.09,1.36,118.22,999.79,1.58,1.0,72.27,98,0,2,0,27,0,Low
flow-synth-02129,Healthcare,idle_keepalive,124.54,2.94,0.1,50.0,30093.31,15.09,1.0,57.66,10,0,2,0,21,0,Low
flow-synth-02130,Defence,web_like,536.7,255.66,19.36,10392.75,45.05,15.84,0.22,51.05,988,2,2,0,44,0,Low
flow-synth-02131,Defence,icmp_like,87.41,3.56,0.83,72.89,1004.62,2.84,1.0,71.13,59,0,2,0,14,0,Low
flow-synth-02132,Defence,bulk_transfer_like,1351.79,92.3,111.46,150666.24,4.12,1.59,0.12,68.06,7586,7,2,0,64,0,Moderate
flow-synth-02133,Defence,video_like_udp,1359.88,116.43,60.46,82215.72,15.43,2.08,0.16,39.72,2401,18,4,0,73,0,Moderate
flow-synth-02134,Defence,icmp_like,85.12,2.35,0.98,83.72,1008.91,1.71,1.0,89.15,87,0,2,0,29,0,Low
flow-synth-02135,Government,icmp_like,82.14,3.2,0.82,67.54,974.32,2.54,1.0,55.87,45,0,2,0,29,0,Low
flow-synth-02136,Healthcare,web_like,701.36,244.62,30.6,21461.3,43.46,9.92,0.41,67.19,2055,3,2,0,50,0,Low
flow-synth-02137,Healthcare,bulk_transfer_like,1329.08,75.99,242.79,322686.86,3.52,2.56,0.07,41.98,10193,7,4,0,55,0,Moderate
flow-synth-02138,Defence,web_like,504.9,190.54,23.2,11711.27,33.97,8.79,0.81,32.73,759,4,4,1,34,0,Low
flow-synth-02139,Defence,icmp_like,89.05,5.23,1.18,105.52,994.85,0.41,1.0,70.8,83,0,2,0,29,0,Low
flow-synth-02140,Government,bulk_transfer_like,1317.27,109.98,217.15,286050.08,4.0,2.12,0.08,41.42,8994,11,2,1,61,0,Moderate
flow-synth-02141,Healthcare,idle_keepalive,94.4,8.42,0.11,50.0,30300.77,2.52,1.0,96.3,10,0,2,0,23,0,Low
flow-synth-02142,Healthcare,video_like_udp,1194.97,104.49,45.59,54481.68,15.39,1.93,0.11,20.96,955,14,2,0,87,1,High
flow-synth-02143,Defence,bulk_transfer_like,1310.92,122.99,278.5,365098.07,7.54,2.42,0.06,63.87,17786,10,2,1,64,0,Moderate
flow-synth-02144,Government,bulk_transfer_like,1355.43,88.89,86.35,117040.58,4.29,1.39,0.11,86.0,7426,6,2,1,63,0,Moderate
flow-synth-02145,Government,idle_keepalive,121.92,9.82,0.11,50.0,30074.57,10.1,1.0,52.3,10,0,4,1,15,0,Low
flow-synth-02146,Government,bulk_transfer_like,1361.84,114.0,190.74,259758.85,4.08,1.03,0.12,17.6,3356,7,4,1,74,0,Moderate
flow-synth-02147,Government,web_like,436.78,216.46,34.29,14978.86,67.93,15.95,0.35,57.25,1963,5,2,0,49,0,Low
flow-synth-02148,Defence,idle_keepalive,116.26,8.03,0.11,50.0,29803.61,11.68,1.0,54.41,10,0,2,1,32,0,Low
flow-synth-02149,Healthcare,web_like,628.49,253.37,24.05,15115.15,28.64,13.93,0.5,29.13,700,3,4,0,44,0,Low
flow-synth-02150,Government,video_like_udp,1328.37,117.71,71.11,94457.49,15.24,2.1,0.16,92.4,6570,9,2,0,87,1,High
flow-synth-02151,Healthcare,web_like,574.37,138.85,21.39,12287.47,68.1,16.76,0.6,68.39,1462,5,2,0,43,0,Low
flow-synth-02152,Healthcare,web_like,452.16,133.71,22.39,10122.03,24.51,17.03,0.41,82.37,1843,4,2,0,39,0,Low
flow-synth-02153,Defence,video_like_udp,1312.73,54.83,66.58,87398.69,15.64,1.32,0.15,35.65,2373,18,4,0,74,0,Moderate
flow-synth-02154,Defence,bulk_transfer_like,1301.87,89.56,239.08,311246.7,4.82,2.48,0.03,63.61,15206,10,2,1,74,0,Moderate
flow-synth-02155,Healthcare,web_like,489.03,214.48,26.45,12934.86,13.58,24.15,0.39,51.75,1368,3,4,0,41,0,Low
flow-synth-02156,Defence,web_like,350.5,231.36,23.34,8180.43,42.39,24.53,0.51,98.42,2297,4,2,0,33,0,Low
flow-synth-02157,Healthcare,bulk_transfer_like,1351.83,80.72,199.57,269778.34,5.26,2.31,0.08,80.32,16028,11,2,0,66,0,Moderate
flow-synth-02158,Government,idle_keepalive,97.99,8.02,0.15,50.0,29951.96,12.79,1.0,53.17,10,0,2,1,26,0,Low
flow-synth-02159,Government,bulk_transfer_like,1354.46,98.6,202.42,274170.96,5.65,2.69,0.07,45.5,9209,4,2,0,68,0,Moderate
flow-synth-02160,Healthcare,bulk_transfer_like,1388.14,103.29,141.41,196301.34,5.3,3.56,0.08,69.08,9768,11,4,0,71,0,Moderate
flow-synth-02161,Healthcare,bulk_transfer_like,1437.26,59.24,211.04,303313.05,6.16,1.96,0.07,78.46,16558,10,2,1,74,0,Moderate
flow-synth-02162,Healthcare,web_like,670.35,282.69,35.17,23578.01,52.32,11.97,0.34,82.21,2891,4,4,1,52,0,Low
flow-synth-02163,Defence,web_like,594.6,238.66,28.57,16985.96,56.57,23.14,0.32,48.15,1375,2,2,0,40,0,Low
flow-synth-02164,Healthcare,web_like,598.53,258.63,27.9,16701.52,42.25,19.86,0.42,77.89,2173,2,2,0,51,0,Low
flow-synth-02165,Government,bulk_transfer_like,1341.14,95.95,180.56,242154.29,7.0,1.53,0.15,53.75,9705,7,4,0,73,0,Moderate
flow-synth-02166,Government,web_like,421.35,243.33,21.89,9221.42,48.31,13.17,0.36,40.17,879,4,2,1,58,0,Low
flow-synth-02167,Defence,idle_keepalive,106.81,8.79,0.1,50.0,30037.39,13.85,1.0,71.14,10,0,2,0,16,0,Low
flow-synth-02168,Healthcare,video_like_udp,1209.25,103.33,85.75,103689.52,11.04,1.99,0.11,41.28,3539,19,2,1,75,0,Moderate
flow-synth-02169,Defence,web_like,657.97,221.07,35.65,23457.68,31.61,14.71,0.49,50.6,1803,2,2,0,34,0,Low
flow-synth-02170,Healthcare,web_like,433.15,242.53,25.69,11126.75,52.12,13.31,0.28,69.93,1796,5,2,0,35,0,Low
flow-synth-02171,Healthcare,web_like,328.2,202.71,21.69,7118.42,32.45,23.36,0.23,72.42,1570,5,4,0,34,0,Low
flow-synth-02172,Healthcare,video_like_udp,1313.27,126.96,51.53,67679.59,20.07,1.64,0.12,63.27,3260,13,4,0,74,0,Moderate
flow-synth-02173,Healthcare,bulk_transfer_like,1373.27,61.61,218.21,299662.53,5.87,1.07,0.14,47.23,10307,7,2,0,67,0,Moderate
flow-synth-02174,Healthcare,bulk_transfer_like,1276.39,44.4,170.48,217598.15,7.14,1.1,0.14,81.74,13934,8,2,0,71,0,Moderate
flow-synth-02175,Healthcare,web_like,644.65,147.21,20.88,13458.96,35.04,22.49,0.22,76.74,1602,2,2,1,42,0,Low
flow-synth-02176,Defence,video_like_udp,1273.59,78.43,73.92,94145.15,15.16,2.08,0.12,81.7,6039,12,2,1,77,0,Moderate
flow-synth-02177,Healthcare,web_like,418.97,219.88,29.83,12496.48,51.4,10.16,0.47,66.03,1969,3,2,1,33,0,Low
flow-synth-02178,Defence,bulk_transfer_like,1243.91,78.01,217.61,270684.95,5.98,2.17,0.14,25.9,5636,4,2,0,70,0,Moderate
flow-synth-02179,Healthcare,bulk_transfer_like,1396.08,62.45,144.84,202214.22,6.33,1.35,0.09,31.13,4508,7,2,0,61,0,Moderate
flow-synth-02180,Defence,icmp_like,82.07,3.44,1.01,83.2,1002.9,2.22,1.0,29.49,29,0,2,0,22,0,Low
flow-synth-02181,Defence,bulk_transfer_like,1328.95,71.96,133.77,177768.72,4.0,1.38,0.12,58.6,7838,5,4,0,66,0,Moderate
flow-synth-02182,Government,bulk_transfer_like,1350.98,83.19,181.52,245235.67,3.84,3.15,0.07,82.76,15023,10,2,0,69,0,Moderate
flow-synth-02183,Defence,web_like,379.55,262.09,21.57,8185.13,35.6,14.23,0.67,27.9,601,4,4,0,50,0,Low
flow-synth-02184,Government,web_like,576.12,170.99,20.18,11625.95,18.46,20.61,0.35,62.13,1253,3,2,0,46,0,Low
flow-synth-02185,Government,video_like_udp,1311.75,94.3,63.68,83529.68,15.77,1.71,0.05,44.63,2842,16,2,1,84,1,High
flow-synth-02186,Government,icmp_like,79.95,0.9,1.01,80.43,987.55,1.85,1.0,68.6,69,0,2,0,18,0,Low
flow-synth-02187,Defence,web_like,609.7,268.53,25.55,15577.49,28.83,18.99,0.33,55.43,1416,2,2,1,40,0,Low
flow-synth-02188,Government,bulk_transfer_like,1316.71,54.47,174.72,230060.63,5.38,1.79,0.1,66.97,11701,11,4,0,68,0,Moderate
flow-synth-02189,Healthcare,video_like_udp,1243.0,60.09,62.09,77173.22,16.72,1.19,0.1,52.21,3241,18,2,0,68,0,Moderate
flow-synth-02190,Defence,web_like,620.51,234.99,27.57,17107.88,28.35,22.88,0.39,72.0,1985,3,2,0,43,0,Low
flow-synth-02191,Defence,video_like_udp,1295.05,75.1,55.21,71497.64,15.33,2.2,0.15,72.68,4012,17,2,0,66,0,Moderate
flow-synth-02192,Healthcare,video_like_udp,1230.26,123.57,60.55,74493.95,15.57,0.7,0.1,50.59,3063,17,4,0,68,0,Moderate
flow-synth-02193,Healthcare,bulk_transfer_like,1364.9,58.63,166.08,226675.95,5.24,1.29,0.05,72.41,12025,8,2,0,60,0,Moderate
flow-synth-02194,Government,idle_keepalive,117.26,7.47,0.13,50.0,29892.84,10.78,1.0,40.5,10,0,4,0,25,0,Low
flow-synth-02195,Healthcare,video_like_udp,1290.45,121.67,74.54,96187.36,13.86,1.85,0.1,57.04,4251,12,2,0,86,1,High
flow-synth-02196,Defence,web_like,394.1,227.22,18.6,7329.74,31.44,22.65,0.63,70.35,1308,2,2,0,48,0,Low
flow-synth-02197,Defence,bulk_transfer_like,1348.45,67.4,238.48,321577.25,5.2,1.85,0.08,63.86,15229,6,2,0,63,0,Moderate
flow-synth-02198,Healthcare,bulk_transfer_like,1383.32,69.51,143.4,198363.84,4.05,1.19,0.02,46.28,6636,10,2,0,72,0,Moderate
flow-synth-02199,Defence,video_like_udp,1260.36,86.62,65.21,82190.32,18.41,1.77,0.16,73.09,4766,9,2,1,73,0,Moderate
flow-synth-02200,Government,video_like_udp,1308.72,94.99,65.74,86033.02,15.48,1.25,0.21,51.9,3411,14,2,0,79,0,Moderate
flow-synth-02201,Defence,icmp_like,83.63,0.83,1.09,91.49,1003.36,1.83,1.0,85.71,93,0,2,0,14,0,Low
flow-synth-02202,Healthcare,bulk_transfer_like,1409.41,52.56,185.8,261874.43,6.49,3.35,0.03,74.62,13864,7,2,0,68,0,Moderate
flow-synth-02203,Healthcare,bulk_transfer_like,1299.24,85.07,197.15,256148.09,5.71,1.69,0.06,48.9,9641,11,2,0,70,0,Moderate
flow-synth-02204,Healthcare,web_like,449.35,211.4,22.93,10304.02,17.7,19.21,0.45,74.95,1718,5,2,1,35,0,Low
flow-synth-02205,Government,video_like_udp,1258.76,78.4,74.6,93902.48,15.11,2.03,0.11,33.98,2535,13,2,1,73,0,Moderate
flow-synth-02206,Defence,bulk_transfer_like,1396.54,84.98,165.8,231552.54,6.78,2.24,0.05,79.64,13204,8,4,0,56,0,Moderate
flow-synth-02207,Defence,video_like_udp,1279.19,87.07,62.59,80061.74,13.95,2.23,0.12,47.41,2967,10,2,0,77,0,Moderate
flow-synth-02208,Government,web_like,343.98,220.87,24.91,8567.98,48.41,18.43,0.24,44.1,1098,2,2,0,30,0,Low
flow-synth-02209,Defence,icmp_like,86.48,2.72,0.84,72.95,1014.22,1.72,1.0,51.26,43,0,2,0,22,0,Low
flow-synth-02210,Healthcare,bulk_transfer_like,1332.46,91.9,277.95,370361.67,5.09,2.37,0.06,65.37,18169,10,2,0,68,0,Moderate
flow-synth-02211,Healthcare,bulk_transfer_like,1404.91,95.29,187.06,262798.12,7.47,2.5,0.1,56.74,10613,5,2,0,70,0,Moderate
flow-synth-02212,Government,icmp_like,85.1,0.8,1.03,87.45,1001.87,2.1,1.0,14.0,14,0,2,0,23,0,Low
flow-synth-02213,Healthcare,web_like,638.81,198.36,19.85,12683.59,45.59,21.05,0.54,66.9,1328,2,2,0,43,0,Low
flow-synth-02214,Government,icmp_like,80.27,3.21,1.16,93.09,1009.16,3.01,1.0,83.87,97,0,2,0,11,0,Low
flow-synth-02215,Healthcare,icmp_like,83.97,1.3,0.89,74.86,995.98,2.39,1.0,52.16,46,0,4,1,21,0,Low
flow-synth-02216,Defence,bulk_transfer_like,1357.3,83.8,157.8,214175.71,5.57,2.41,0.02,61.5,9703,9,2,1,64,0,Moderate
flow-synth-02217,Defence,bulk_transfer_like,1302.87,85.85,257.03,334876.25,6.33,2.36,0.03,77.75,19982,6,2,0,70,0,Moderate
flow-synth-02218,Government,icmp_like,88.44,1.21,1.23,108.47,991.01,2.62,1.0,65.66,80,0,4,0,17,0,Low
flow-synth-02219,Government,bulk_transfer_like,1352.86,64.55,164.35,222346.62,4.87,2.54,0.09,73.94,12151,6,2,1,60,0,Moderate
flow-synth-02220,Healthcare,web_like,462.75,233.9,19.04,8808.45,38.6,19.03,0.48,76.16,1449,2,2,0,50,0,Low
flow-synth-02221,Defence,bulk_transfer_like,1456.97,91.55,132.89,193611.65,6.99,2.39,0.08,81.35,10809,8,4,0,59,0,Moderate
flow-synth-02222,Government,icmp_like,84.53,3.09,0.99,83.8,994.42,2.46,1.0,76.25,75,0,2,0,12,0,Low
flow-synth-02223,Government,web_like,676.03,223.62,26.7,18048.8,46.82,16.06,0.51,45.58,1216,5,2,0,55,0,Low
flow-synth-02224,Government,web_like,634.14,253.62,20.62,13074.21,30.52,22.3,0.44,57.56,1186,5,2,0,53,0,Low
flow-synth-02225,Government,idle_keepalive,124.86,6.01,0.1,50.0,30098.38,13.37,1.0,58.42,10,0,2,0,27,0,Low
flow-synth-02226,Defence,web_like,475.93,222.24,29.43,14005.37,41.02,10.33,0.1,43.1,1268,4,2,0,58,0,Low
flow-synth-02227,Government,video_like_udp,1287.54,99.65,70.36,90593.88,16.12,1.15,0.18,85.44,6011,15,2,0,70,0,Moderate
flow-synth-02228,Defence,web_like,583.57,161.52,25.15,14677.38,34.99,29.95,0.5,53.2,1338,3,2,0,32,0,Low
flow-synth-02229,Government,video_like_udp,1289.11,128.99,63.55,81926.49,13.83,0.99,0.14,64.95,4127,17,4,1,69,0,Moderate
flow-synth-02230,Government,video_like_udp,1296.88,105.41,53.25,69065.3,12.86,1.34,0.12,64.72,3446,16,2,0,86,1,High
flow-synth-02231,Government,icmp_like,88.61,0.86,1.1,97.26,1001.72,2.12,1.0,83.35,91,0,2,0,24,0,Low
flow-synth-02232,Healthcare,bulk_transfer_like,1381.65,49.31,254.01,350949.08,7.68,2.86,0.09,61.82,15703,4,4,1,57,0,Moderate
flow-synth-02233,Government,web_like,410.69,228.55,29.09,11946.04,28.92,17.63,0.42,67.11,1952,2,2,0,55,0,Low
flow-synth-02234,Defence,web_like,423.05,159.79,40.77,17248.37,69.72,15.31,0.13,84.22,3433,4,2,0,44,0,Low
flow-synth-02235,Healthcare,bulk_transfer_like,1311.23,92.34,222.19,291338.98,4.71,2.27,0.07,63.28,14059,11,2,0,65,0,Moderate
flow-synth-02236,Healthcare,video_like_udp,1300.52,80.33,51.96,67576.66,20.45,1.54,0.14,98.79,5133,11,2,1,65,0,Moderate
flow-synth-02237,Government,web_like,707.5,202.54,25.19,17823.43,38.18,21.12,0.55,49.71,1252,2,2,0,30,0,Low
flow-synth-02238,Defence,web_like,425.36,157.15,31.89,13565.65,43.44,19.29,0.28,30.73,980,4,2,1,36,0,Low
flow-synth-02239,Defence,idle_keepalive,120.27,8.97,0.1,50.0,30150.62,13.75,1.0,47.54,10,0,2,1,18,0,Low
flow-synth-02240,Defence,web_like,457.57,237.6,1.07,490.25,30.43,13.94,0.63,54.77,58,2,2,0,43,0,Low
flow-synth-02241,Healthcare,bulk_transfer_like,1281.29,91.5,147.18,188584.67,5.11,3.16,0.11,92.24,13576,8,2,0,63,0,Moderate
flow-synth-02242,Government,bulk_transfer_like,1391.81,84.99,178.17,247985.45,5.53,2.4,0.08,19.97,3557,6,2,1,70,0,Moderate
flow-synth-02243,Healthcare,icmp_like,82.08,0.82,1.14,93.41,992.14,0.75,1.0,54.53,62,0,4,1,14,0,Low
flow-synth-02244,Defence,idle_keepalive,136.09,8.09,0.1,50.0,29824.77,13.08,1.0,61.59,10,0,2,1,31,0,Low
flow-synth-02245,Healthcare,icmp_like,81.58,1.25,1.12,91.69,1004.55,2.44,1.0,68.77,77,0,2,0,26,0,Low
flow-synth-02246,Government,web_like,331.57,216.92,25.97,8609.16,42.9,16.93,0.01,71.36,1852,2,4,0,49,0,Low
flow-synth-02247,Defence,icmp_like,78.77,3.41,0.73,57.59,1004.75,1.79,1.0,61.52,44,0,4,0,22,0,Low
flow-synth-02248,Defence,bulk_transfer_like,1360.76,87.1,206.35,280796.81,5.23,2.35,0.13,52.1,10750,4,2,1,58,0,Moderate
flow-synth-02249,Government,web_like,616.95,202.84,25.14,15508.74,35.09,26.16,0.21,57.73,1451,2,2,0,51,0,Low
flow-synth-02250,Government,bulk_transfer_like,1401.56,114.99,124.48,174466.05,6.33,2.49,0.06,83.8,10431,7,2,0,56,0,Moderate
flow-synth-02251,Defence,bulk_transfer_like,1296.58,106.32,143.94,186633.82,7.1,1.13,0.05,94.42,13591,7,4,0,56,0,Moderate
flow-synth-02252,Defence,bulk_transfer_like,1334.21,103.13,173.45,231424.6,5.08,2.26,0.02,94.8,16443,4,2,0,71,0,Moderate
flow-synth-02253,Defence,icmp_like,80.78,2.61,0.65,52.39,993.48,2.14,1.0,26.07,16,0,2,0,27,0,Low
flow-synth-02254,Defence,icmp_like,78.23,0.65,0.93,72.54,998.63,3.02,1.0,72.71,67,0,2,0,22,0,Low
flow-synth-02255,Defence,idle_keepalive,129.86,7.39,0.1,50.0,30029.72,9.75,1.0,29.16,10,0,2,0,18,0,Low
flow-synth-02256,Government,idle_keepalive,133.28,8.93,0.11,50.0,30085.36,7.94,1.0,70.24,10,0,2,0,16,0,Low
flow-synth-02257,Healthcare,icmp_like,78.57,1.76,1.13,88.57,980.9,1.17,1.0,67.48,76,0,2,0,10,0,Low
flow-synth-02258,Defence,web_like,405.47,197.5,39.29,15932.31,41.14,12.46,0.44,48.93,1922,2,2,0,43,0,Low
flow-synth-02259,Healthcare,video_like_udp,1404.21,124.81,66.04,92733.85,16.95,1.7,0.07,34.16,2256,16,2,0,75,0,Moderate
flow-synth-02260,Government,video_like_udp,1264.77,81.82,64.15,81135.81,20.67,2.02,0.17,46.32,2971,12,2,0,74,0,Moderate
flow-synth-02261,Defence,video_like_udp,1122.3,107.47,60.87,68309.79,12.49,1.52,0.09,62.49,3803,11,2,0,81,1,High
flow-synth-02262,Healthcare,idle_keepalive,130.89,7.28,0.1,50.0,29897.59,9.63,1.0,65.92,10,0,2,0,15,0,Low
flow-synth-02263,Government,bulk_transfer_like,1367.21,72.62,243.63,333098.45,5.93,1.85,0.06,58.53,14259,4,4,0,71,0,Moderate
flow-synth-02264,Healthcare,web_like,524.04,207.32,23.69,12413.75,53.13,23.87,0.25,59.0,1397,4,2,0,48,0,Low
flow-synth-02265,Healthcare,web_like,635.39,200.69,28.73,18253.38,41.67,8.68,0.18,91.25,2621,3,4,1,42,0,Low
flow-synth-02266,Defence,video_like_udp,1244.36,72.67,53.01,65960.8,18.52,2.13,0.11,66.36,3517,15,2,0,65,0,Moderate
flow-synth-02267,Defence,video_like_udp,1331.68,99.24,72.41,96424.71,17.92,2.33,0.06,51.72,3745,14,4,0,71,0,Moderate
flow-synth-02268,Healthcare,icmp_like,89.84,1.77,1.05,94.25,1005.59,2.47,1.0,31.82,33,0,2,0,28,0,Low
flow-synth-02269,Government,web_like,520.32,219.24,21.81,11345.99,38.11,28.73,0.16,69.03,1505,5,2,1,30,0,Low
flow-synth-02270,Healthcare,web_like,515.43,202.12,30.06,15496.04,63.09,14.58,0.23,90.95,2734,4,2,0,36,0,Low
flow-synth-02271,Defence,web_like,405.93,182.0,39.31,15957.82,36.84,22.99,0.51,88.99,3498,3,4,1,48,0,Low
flow-synth-02272,Defence,bulk_transfer_like,1354.91,70.99,270.38,366345.37,6.37,2.25,0.12,66.04,17855,6,2,1,57,0,Moderate
flow-synth-02273,Government,video_like_udp,1254.72,97.0,74.39,93334.21,11.62,1.66,0.18,78.54,5842,14,2,0,75,0,Moderate
flow-synth-02274,Healthcare,bulk_transfer_like,1321.07,70.83,74.07,97852.45,4.75,2.66,0.08,41.52,3075,9,4,0,74,0,Moderate
flow-synth-02275,Defence,web_like,553.79,185.67,24.94,13809.56,44.93,10.54,0.41,91.99,2293,2,2,1,42,0,Low
flow-synth-02276,Defence,icmp_like,86.42,3.39,1.18,101.65,1016.43,1.59,1.0,49.75,58,0,2,0,21,0,Low
flow-synth-02277,Defence,bulk_transfer_like,1413.22,76.81,265.38,375045.51,6.38,1.64,0.05,35.18,9337,10,2,0,64,0,Moderate
flow-synth-02278,Healthcare,web_like,525.05,241.38,15.39,8082.8,70.02,10.21,0.31,40.38,621,5,2,0,50,0,Low
flow-synth-02279,Healthcare,video_like_udp,1327.55,106.56,67.77,89968.94,17.16,1.59,0.1,76.2,5163,10,4,0,85,1,High
flow-synth-02280,Government,web_like,668.61,202.79,29.98,20048.19,38.29,21.26,0.75,73.08,2191,3,4,0,41,0,Low
flow-synth-02281,Defence,web_like,391.41,244.48,23.11,9044.7,78.86,4.94,0.61,52.12,1204,2,2,0,51,0,Low
flow-synth-02282,Healthcare,web_like,612.46,193.21,36.64,22439.78,62.06,27.03,0.51,67.83,2485,5,2,0,33,0,Low
flow-synth-02283,Defence,icmp_like,81.38,1.79,0.86,69.83,1000.37,1.42,1.0,96.96,83,0,4,0,26,0,Low
flow-synth-02284,Government,idle_keepalive,119.77,8.36,0.1,50.0,29955.75,5.96,1.0,62.73,10,0,4,0,17,0,Low
flow-synth-02285,Defence,video_like_udp,1277.3,105.64,67.94,86783.59,17.01,2.17,0.12,57.23,3888,11,2,0,79,0,Moderate
flow-synth-02286,Defence,video_like_udp,1153.98,95.42,45.73,52769.16,13.16,1.13,0.08,69.2,3164,9,4,1,66,0,Moderate
flow-synth-02287,Government,bulk_transfer_like,1311.79,80.35,213.51,280085.01,4.5,1.8,0.04,40.95,8743,9,2,1,59,0,Moderate
flow-synth-02288,Healthcare,web_like,513.13,270.33,35.33,18130.4,52.21,21.22,0.65,43.3,1529,4,4,0,39,0,Low
flow-synth-02289,Government,web_like,714.53,208.72,15.38,10992.73,24.83,18.63,0.23,54.09,832,2,4,0,32,0,Low
flow-synth-02290,Healthcare,video_like_udp,1274.56,46.25,70.18,89443.96,18.04,1.61,0.11,17.8,1249,8,2,1,65,0,Moderate
flow-synth-02291,Healthcare,icmp_like,82.87,2.56,1.07,88.82,987.53,0.61,1.0,34.57,37,0,4,0,25,0,Low
flow-synth-02292,Government,bulk_transfer_like,1348.57,76.2,151.09,203757.4,3.87,1.77,0.07,33.19,5015,7,2,0,71,0,Moderate
flow-synth-02293,Defence,bulk_transfer_like,1408.08,76.66,170.29,239786.94,5.57,3.06,0.08,71.98,12257,4,2,1,73,0,Moderate
flow-synth-02294,Defence,video_like_udp,1276.78,136.3,62.39,79661.53,17.62,1.44,0.09,23.46,1463,11,4,1,65,0,Moderate
flow-synth-02295,Government,video_like_udp,1322.48,73.33,65.54,86673.07,14.56,2.41,0.09,31.3,2051,19,4,0,70,0,Moderate
flow-synth-02296,Healthcare,web_like,489.06,295.3,24.9,12176.95,34.3,21.01,0.33,49.81,1240,2,4,0,49,0,Low
flow-synth-02297,Healthcare,icmp_like,87.42,1.34,1.31,114.54,1002.35,0.43,1.0,72.81,95,0,2,1,22,0,Low
flow-synth-02298,Defence,bulk_transfer_like,1415.84,86.4,241.55,342002.5,6.59,1.79,0.12,71.74,17328,11,2,0,71,0,Moderate
flow-synth-02299,Government,video_like_udp,1302.07,66.07,66.99,87219.78,19.66,2.14,0.11,86.15,5770,15,2,1,82,1,High
flow-synth-02300,Healthcare,bulk_transfer_like,1363.22,93.93,205.49,280133.61,5.7,2.17,0.1,86.98,17872,9,2,1,55,0,Moderate
flow-synth-02301,Government,video_like_udp,1176.8,118.43,61.97,72925.05,18.23,1.76,0.13,67.2,4164,9,4,0,76,0,Moderate
flow-synth-02302,Healthcare,idle_keepalive,115.07,10.07,0.1,50.0,29998.93,12.51,1.0,79.9,10,0,2,0,32,0,Low
flow-synth-02303,Government,web_like,390.43,163.49,18.03,7037.43,39.13,10.0,0.5,42.25,761,4,2,0,55,0,Low
flow-synth-02304,Defence,bulk_transfer_like,1258.0,104.95,207.9,261540.87,3.71,0.9,0.06,78.95,16413,5,2,1,55,0,Moderate
flow-synth-02305,Government,web_like,597.14,163.6,37.25,22243.74,65.1,18.28,0.76,53.54,1994,2,2,1,40,0,Low
flow-synth-02306,Healthcare,bulk_transfer_like,1305.41,74.09,216.35,282425.67,4.46,0.73,0.04,76.36,16521,9,4,0,65,0,Moderate
flow-synth-02307,Defence,icmp_like,77.13,1.53,0.92,71.21,1002.58,2.19,1.0,68.0,62,0,2,0,17,0,Low
flow-synth-02308,Defence,web_like,520.49,184.35,41.58,21644.07,28.98,2.51,0.65,52.07,2165,2,2,1,56,0,Low
flow-synth-02309,Defence,idle_keepalive,114.52,7.21,0.11,50.0,29522.72,2.32,1.0,82.06,10,0,4,0,15,0,Low
flow-synth-02310,Government,bulk_transfer_like,1358.56,85.81,193.14,262394.0,2.77,1.15,0.06,48.77,9419,5,2,1,72,0,Moderate
flow-synth-02311,Government,idle_keepalive,66.89,10.89,0.1,50.0,29748.49,12.76,1.0,55.83,10,0,4,0,24,0,Low
flow-synth-02312,Government,video_like_udp,1283.16,101.05,48.36,62052.27,16.05,1.28,0.09,44.05,2130,10,2,1,69,0,Moderate
flow-synth-02313,Defence,web_like,551.13,268.36,25.06,13813.01,49.06,18.61,0.54,98.75,2475,2,2,1,56,0,Low
flow-synth-02314,Government,video_like_udp,1262.54,59.63,64.25,81113.45,15.93,2.34,0.17,21.0,1349,13,2,1,87,1,High
flow-synth-02315,Healthcare,video_like_udp,1279.83,132.11,92.91,118904.63,17.01,1.62,0.08,104.37,9697,16,2,0,65,0,Moderate
flow-synth-02316,Government,icmp_like,83.12,2.17,0.67,55.63,1005.03,0.96,1.0,70.68,47,0,2,1,12,0,Low
flow-synth-02317,Healthcare,web_like,472.44,143.88,32.32,15268.33,37.9,20.8,0.61,63.61,2055,4,2,0,40,0,Low
flow-synth-02318,Healthcare,bulk_transfer_like,1383.2,81.45,197.02,272517.43,6.05,2.38,0.09,58.29,11483,11,2,0,72,0,Moderate
flow-synth-02319,Defence,bulk_transfer_like,1415.37,53.23,241.31,341545.29,5.94,2.27,0.11,38.79,9361,4,2,1,73,0,Moderate
flow-synth-02320,Defence,web_like,459.33,283.16,18.29,8402.38,48.84,12.07,0.59,50.8,929,4,2,0,37,0,Low
flow-synth-02321,Government,icmp_like,88.76,3.33,1.02,90.97,1002.58,1.05,1.0,79.92,81,0,2,0,23,0,Low
flow-synth-02322,Government,web_like,633.57,167.85,21.77,13795.91,46.8,13.18,0.63,47.31,1030,3,2,0,55,0,Low
flow-synth-02323,Healthcare,video_like_udp,1305.11,115.14,56.97,74345.64,13.86,2.23,0.08,54.29,3092,17,2,0,81,1,High
flow-synth-02324,Government,idle_keepalive,118.85,10.52,0.1,50.0,30166.64,8.0,1.0,73.77,10,0,2,1,25,0,Low
flow-synth-02325,Defence,web_like,608.39,174.64,33.74,20527.56,48.13,15.81,0.34,100.73,3398,2,2,0,34,0,Low
flow-synth-02326,Healthcare,icmp_like,89.41,1.73,1.23,109.92,1002.47,2.01,1.0,59.93,73,0,2,1,21,0,Low
flow-synth-02327,Healthcare,web_like,542.48,197.15,42.06,22815.94,44.92,18.73,0.54,48.82,2053,2,4,0,38,0,Low
flow-synth-02328,Government,web_like,637.18,183.87,16.03,10212.88,39.7,17.92,0.41,61.45,984,2,2,0,35,0,Low
flow-synth-02329,Government,icmp_like,88.31,0.24,1.07,94.77,1006.58,1.96,1.0,66.88,71,0,4,1,13,0,Low
flow-synth-02330,Defence,icmp_like,86.49,3.58,1.07,92.18,998.77,1.35,1.0,91.97,98,0,2,0,17,0,Low
flow-synth-02331,Healthcare,web_like,633.25,166.52,8.36,5294.56,44.26,20.98,0.51,44.44,371,5,2,1,50,0,Low
flow-synth-02332,Government,bulk_transfer_like,1284.03,71.09,251.44,322856.11,4.59,2.74,0.1,54.44,13687,9,2,0,72,0,Moderate
flow-synth-02333,Healthcare,icmp_like,78.88,2.79,1.22,96.11,993.04,1.45,1.0,55.56,67,0,4,0,14,0,Low
flow-synth-02334,Healthcare,video_like_udp,1255.73,91.65,39.97,50187.37,16.33,0.98,0.15,81.44,3254,18,2,0,65,0,Moderate
flow-synth-02335,Healthcare,idle_keepalive,134.8,7.45,0.1,50.0,29925.74,14.37,1.0,79.6,10,0,2,1,22,0,Low
flow-synth-02336,Healthcare,bulk_transfer_like,1365.75,67.68,157.76,215454.3,4.72,2.4,0.05,36.52,5761,11,2,0,74,0,Moderate
flow-synth-02337,Healthcare,web_like,355.66,186.45,27.17,9661.68,33.26,15.87,0.72,23.09,627,2,2,1,34,0,Low
flow-synth-02338,Defence,bulk_transfer_like,1390.18,57.22,153.02,212725.29,5.38,3.12,0.01,53.03,8115,11,2,1,74,0,Moderate
flow-synth-02339,Defence,idle_keepalive,122.89,6.68,0.1,50.0,29977.28,6.97,1.0,74.32,10,0,4,1,19,0,Low
flow-synth-02340,Government,bulk_transfer_like,1301.65,82.62,149.4,194469.83,6.16,2.5,0.11,77.85,11630,10,2,0,60,0,Moderate
flow-synth-02341,Government,web_like,701.66,227.68,31.1,21821.11,27.4,23.72,0.12,75.94,2361,2,2,0,37,0,Low
flow-synth-02342,Government,video_like_udp,1258.02,76.24,76.32,96014.1,19.2,1.49,0.14,79.59,6074,13,2,0,77,0,Moderate
flow-synth-02343,Defence,web_like,556.5,170.32,34.63,19271.74,37.11,17.37,0.32,53.25,1844,4,2,0,38,0,Low
flow-synth-02344,Government,web_like,430.15,164.87,35.28,15173.73,63.56,27.29,0.53,109.29,3855,4,2,0,57,0,Low
flow-synth-02345,Healthcare,idle_keepalive,129.66,6.79,0.16,50.0,30004.32,8.44,1.0,61.58,10,0,4,1,29,0,Low
flow-synth-02346,Government,video_like_udp,1283.27,57.54,57.27,73489.48,17.65,1.55,0.12,77.59,4443,10,2,0,87,1,High
flow-synth-02347,Government,bulk_transfer_like,1390.75,83.16,146.76,204109.83,5.79,3.41,0.1,48.97,7187,8,4,1,67,0,Moderate
flow-synth-02348,Government,video_like_udp,1190.24,72.41,62.63,74547.04,14.19,1.56,0.09,104.58,6550,13,2,1,67,0,Moderate
flow-synth-02349,Government,icmp_like,84.48,2.62,0.99,83.6,1003.37,0.36,1.0,55.8,55,0,2,1,20,0,Low
flow-synth-02350,Healthcare,web_like,541.75,210.98,21.85,11837.25,22.52,5.07,0.51,56.38,1231,5,2,1,35,0,Low
flow-synth-02351,Government,bulk_transfer_like,1327.88,101.16,195.91,260144.89,5.72,1.14,0.07,10.83,2122,5,4,1,64,0,Moderate
flow-synth-02352,Defence,icmp_like,81.04,1.02,0.63,50.87,992.91,3.49,1.0,69.83,43,0,2,0,15,0,Low
flow-synth-02353,Government,video_like_udp,1290.7,112.61,72.78,93939.96,12.12,1.37,0.11,59.55,4333,19,2,0,75,0,Moderate
flow-synth-02354,Government,bulk_transfer_like,1348.31,109.87,189.14,255025.86,6.81,2.48,0.09,79.58,15052,11,2,0,57,0,Moderate
flow-synth-02355,Healthcare,web_like,469.25,160.94,22.51,10564.55,41.27,12.55,0.71,50.43,1135,2,2,0,58,0,Low
flow-synth-02356,Defence,bulk_transfer_like,1361.14,56.75,212.88,289763.15,7.49,1.72,0.09,80.95,17233,4,4,0,71,0,Moderate
flow-synth-02357,Government,web_like,580.17,243.0,17.02,9871.89,36.1,26.08,0.63,37.06,630,3,2,0,50,0,Low
flow-synth-02358,Government,web_like,601.51,167.84,26.59,15996.55,53.35,22.01,0.33,87.93,2338,5,2,0,39,0,Low
flow-synth-02359,Healthcare,bulk_transfer_like,1266.53,95.95,118.44,150004.77,6.97,1.72,0.04,73.91,8753,11,2,0,65,0,Moderate
flow-synth-02360,Defence,video_like_udp,1217.35,90.31,51.96,63252.45,13.48,1.86,0.08,57.03,2963,14,2,0,78,0,Moderate
flow-synth-02361,Government,icmp_like,84.52,4.02,0.76,64.45,1011.91,2.86,1.0,45.8,34,0,4,0,11,0,Low
flow-synth-02362,Healthcare,icmp_like,85.06,3.09,1.19,101.13,1001.57,3.58,1.0,39.56,47,0,4,0,28,0,Low
flow-synth-02363,Defence,video_like_udp,1278.4,70.2,63.63,81343.18,16.31,2.13,0.14,54.04,3438,17,2,0,83,1,High
flow-synth-02364,Government,icmp_like,80.61,2.29,1.12,89.95,1002.17,1.58,1.0,82.26,91,0,2,1,29,0,Low
flow-synth-02365,Healthcare,bulk_transfer_like,1438.91,74.67,162.68,234081.38,6.44,2.51,0.05,66.46,10811,9,2,0,60,0,Moderate
flow-synth-02366,Defence,icmp_like,84.28,1.89,1.14,95.77,1007.9,2.43,1.0,56.23,63,0,4,0,12,0,Low
flow-synth-02367,Healthcare,icmp_like,82.35,1.33,0.63,52.02,999.85,0.97,1.0,49.81,31,0,4,0,19,0,Low
flow-synth-02368,Healthcare,icmp_like,84.78,2.91,1.06,89.53,1002.92,1.71,1.0,48.84,51,0,4,0,22,0,Low
flow-synth-02369,Government,web_like,627.17,199.71,31.6,19817.92,32.49,13.59,0.33,76.68,2422,4,2,0,47,0,Low
flow-synth-02370,Healthcare,video_like_udp,1239.53,74.55,69.74,86447.48,14.81,1.65,0.11,61.88,4315,16,2,0,83,1,High
flow-synth-02371,Defence,icmp_like,85.94,0.82,1.09,94.08,1009.47,0.14,1.0,28.41,31,0,4,1,21,0,Low
flow-synth-02372,Defence,icmp_like,86.34,1.8,1.08,93.36,1011.19,1.73,1.0,79.69,86,0,2,1,19,0,Low
flow-synth-02373,Government,idle_keepalive,131.76,9.59,0.12,50.0,30026.3,9.47,1.0,94.95,11,0,4,0,28,0,Low
flow-synth-02374,Government,idle_keepalive,103.79,7.55,0.1,50.0,30130.57,11.44,1.0,67.86,10,0,4,1,34,0,Low
flow-synth-02375,Defence,web_like,601.58,215.84,11.06,6653.16,34.98,12.94,0.66,62.36,689,5,2,1,57,0,Low
flow-synth-02376,Healthcare,icmp_like,85.71,1.8,1.14,97.32,998.91,2.01,1.0,65.03,73,0,4,1,18,0,Low
flow-synth-02377,Healthcare,bulk_transfer_like,1454.56,103.69,205.47,298864.57,4.68,2.35,0.04,33.88,6960,10,2,1,65,0,Moderate
flow-synth-02378,Defence,icmp_like,81.26,2.46,0.97,78.54,1017.09,2.47,1.0,45.3,43,0,2,0,12,0,Low
flow-synth-02379,Defence,bulk_transfer_like,1353.02,95.73,207.33,280526.66,4.49,2.19,0.1,41.2,8543,4,2,1,66,0,Moderate
flow-synth-02380,Government,bulk_transfer_like,1348.98,39.64,79.31,106988.66,5.87,2.16,0.09,94.19,7470,5,2,1,62,0,Moderate
flow-synth-02381,Healthcare,bulk_transfer_like,1394.89,72.58,142.26,198438.08,5.67,2.62,0.07,54.19,7709,7,2,0,57,0,Moderate
flow-synth-02382,Healthcare,web_like,321.8,232.85,19.06,6133.64,44.24,18.9,0.23,42.0,800,5,2,0,37,0,Low
flow-synth-02383,Government,web_like,500.55,229.42,17.39,8702.31,46.11,23.4,0.33,22.77,395,5,4,0,41,0,Low
flow-synth-02384,Government,video_like_udp,1322.66,59.97,70.25,92910.91,13.22,2.1,0.17,45.25,3178,19,2,0,79,0,Moderate
flow-synth-02385,Defence,web_like,444.56,213.04,16.81,7472.21,15.87,17.85,0.45,53.43,898,2,2,1,45,0,Low
flow-synth-02386,Healthcare,icmp_like,77.59,2.25,1.35,104.46,997.71,1.49,1.0,58.78,79,0,4,1,22,0,Low
flow-synth-02387,Defence,icmp_like,79.81,2.66,0.98,78.19,1014.43,3.84,1.0,96.41,94,0,2,0,27,0,Low
flow-synth-02388,Defence,bulk_transfer_like,1337.41,69.11,169.12,226183.59,4.75,2.59,0.09,48.33,8173,7,2,0,73,0,Moderate
flow-synth-02389,Healthcare,video_like_udp,1260.28,62.15,66.05,83238.16,14.92,2.36,0.11,69.18,4569,17,4,1,87,1,High
flow-synth-02390,Government,icmp_like,87.93,2.01,1.04,91.64,1010.46,1.62,1.0,32.51,33,0,4,0,25,0,Low
flow-synth-02391,Healthcare,web_like,386.02,165.66,23.2,8956.54,60.92,17.16,0.49,66.56,1544,3,4,1,41,0,Low
flow-synth-02392,Defence,icmp_like,75.5,1.61,1.03,77.79,996.79,1.12,1.0,57.61,59,0,4,0,14,0,Low
flow-synth-02393,Government,web_like,626.36,196.13,38.47,24096.98,44.74,5.71,0.45,58.99,2269,4,2,0,44,0,Low
flow-synth-02394,Healthcare,bulk_transfer_like,1356.75,65.25,151.96,206167.55,6.08,1.56,0.06,47.02,7145,4,2,0,71,0,Moderate
flow-synth-02395,Government,bulk_transfer_like,1305.53,94.38,239.21,312292.52,5.77,1.7,0.1,59.21,14164,5,2,0,73,0,Moderate
flow-synth-02396,Government,web_like,678.47,222.18,19.04,12917.96,46.72,15.45,0.35,52.71,1003,5,2,0,50,0,Low
flow-synth-02397,Defence,idle_keepalive,124.44,8.55,0.1,50.0,30358.35,8.37,1.0,34.81,10,0,4,1,15,0,Low
flow-synth-02398,Government,idle_keepalive,125.36,3.36,0.1,50.0,29879.93,13.05,1.0,64.12,10,0,2,0,16,0,Low
flow-synth-02399,Defence,web_like,655.75,184.21,23.07,15128.02,37.64,15.3,0.41,109.9,2535,3,2,0,55,0,Low
flow-synth-02400,Government,web_like,452.27,190.7,23.58,10663.88,27.75,17.52,0.23,52.99,1249,4,2,0,40,0,Low
flow-synth-02401,Government,bulk_transfer_like,1389.71,112.23,196.05,272459.64,6.14,2.17,0.11,64.27,12599,9,2,0,64,0,Moderate
flow-synth-02402,Government,web_like,716.13,299.85,26.54,19004.26,29.76,21.74,0.21,64.6,1714,4,2,0,53,0,Low
flow-synth-02403,Government,web_like,402.92,280.53,31.54,12709.88,49.45,26.91,0.43,54.35,1714,2,4,1,37,0,Low
flow-synth-02404,Defence,bulk_transfer_like,1442.71,88.95,221.21,319135.14,3.57,2.53,0.05,80.95,17906,7,4,0,65,0,Moderate
flow-synth-02405,Healthcare,video_like_udp,1273.62,63.17,74.5,94888.27,19.3,1.72,0.15,43.47,3238,11,4,0,70,0,Moderate
flow-synth-02406,Defence,icmp_like,88.43,3.31,0.64,57.0,1004.76,0.95,1.0,95.17,61,0,2,0,14,0,Low
flow-synth-02407,Healthcare,idle_keepalive,125.12,4.48,0.12,50.0,29858.92,10.88,1.0,65.32,10,0,4,0,26,0,Low
flow-synth-02408,Defence,bulk_transfer_like,1420.32,85.01,200.54,284835.13,6.16,1.52,0.08,62.1,12454,8,2,0,72,0,Moderate
flow-synth-02409,Healthcare,web_like,470.41,216.9,25.97,12217.65,35.71,20.65,0.21,46.69,1212,2,4,1,35,0,Low
flow-synth-02410,Government,video_like_udp,1187.2,122.29,45.14,53589.97,19.32,1.54,0.11,29.7,1340,13,2,1,77,0,Moderate
flow-synth-02411,Healthcare,web_like,582.3,199.56,24.49,14259.87,32.55,20.88,0.28,61.58,1507,4,2,1,35,0,Low
flow-synth-02412,Government,video_like_udp,1239.79,99.13,65.59,81312.02,17.95,1.0,0.12,57.26,3755,10,2,0,72,0,Moderate
flow-synth-02413,Healthcare,bulk_transfer_like,1390.41,92.19,225.83,313989.86,5.68,1.31,0.09,65.54,14801,5,4,1,56,0,Moderate
flow-synth-02414,Government,icmp_like,83.83,0.79,1.19,99.71,999.48,2.56,1.0,63.94,76,0,2,1,22,0,Low
flow-synth-02415,Defence,idle_keepalive,105.59,8.79,0.12,50.0,29947.87,10.46,1.0,76.64,10,0,2,1,17,0,Low
flow-synth-02416,Government,icmp_like,88.99,1.0,1.34,119.26,997.85,1.96,1.0,47.45,63,0,2,1,19,0,Low
flow-synth-02417,Healthcare,icmp_like,84.5,2.1,1.01,85.17,993.48,1.89,1.0,56.4,56,0,4,0,17,0,Low
flow-synth-02418,Government,video_like_udp,1268.39,120.81,73.39,93092.95,12.24,1.75,0.17,49.48,3631,8,2,0,83,1,High
flow-synth-02419,Defence,idle_keepalive,140.42,6.33,0.1,50.0,30111.9,11.98,1.0,50.8,10,0,2,1,32,0,Low
flow-synth-02420,Healthcare,icmp_like,85.84,1.1,1.24,106.38,1009.13,2.45,1.0,44.48,55,0,2,1,17,0,Low
flow-synth-02421,Healthcare,web_like,584.87,242.41,24.63,14403.77,43.19,11.41,0.34,63.24,1557,4,2,0,37,0,Low
flow-synth-02422,Government,bulk_transfer_like,1354.25,101.58,206.92,280221.29,5.43,2.51,0.07,61.76,12779,5,2,1,70,0,Moderate
flow-synth-02423,Defence,idle_keepalive,95.68,10.21,0.1,50.0,30194.14,8.08,1.0,56.29,10,0,2,0,33,0,Low
flow-synth-02424,Defence,idle_keepalive,125.59,7.08,0.1,50.0,30263.54,7.61,1.0,51.3,10,0,2,0,26,0,Low
flow-synth-02425,Healthcare,web_like,722.46,218.16,18.4,13291.74,40.32,14.79,0.53,48.78,897,2,2,0,59,0,Low
flow-synth-02426,Healthcare,icmp_like,93.54,3.94,1.23,115.36,1004.84,2.62,1.0,75.56,93,0,2,0,14,0,Low
flow-synth-02427,Defence,idle_keepalive,118.98,11.55,0.1,50.0,30143.1,10.5,1.0,65.35,10,0,4,0,19,0,Low
flow-synth-02428,Defence,web_like,377.94,229.46,30.97,11706.15,44.28,24.91,0.39,71.06,2200,4,4,1,38,0,Low
flow-synth-02429,Government,web_like,773.94,237.68,26.1,20202.11,46.5,16.94,0.37,49.5,1292,4,4,0,52,0,Low
flow-synth-02430,Defence,video_like_udp,1407.99,135.61,58.18,81914.3,16.72,1.78,0.13,38.62,2246,11,2,1,67,0,Moderate
flow-synth-02431,Healthcare,video_like_udp,1389.5,70.17,69.52,96603.62,14.24,1.72,0.14,61.96,4307,19,2,1,73,0,Moderate
flow-synth-02432,Healthcare,icmp_like,86.44,0.87,0.69,59.25,1000.63,0.64,1.0,34.02,23,0,4,1,13,0,Low
flow-synth-02433,Healthcare,bulk_transfer_like,1345.14,100.84,170.09,228798.88,6.28,2.2,0.08,75.71,12877,10,4,0,57,0,Moderate
flow-synth-02434,Government,web_like,347.83,204.52,26.23,9122.09,66.73,14.72,0.33,73.22,1920,5,2,0,35,0,Low
flow-synth-02435,Defence,web_like,652.96,222.02,13.12,8565.23,33.24,29.74,0.55,118.16,1549,4,2,1,30,0,Low
flow-synth-02436,Healthcare,idle_keepalive,130.82,5.8,0.1,50.0,29789.37,7.54,1.0,23.54,10,0,2,0,20,0,Low
flow-synth-02437,Defence,video_like_udp,1300.49,57.11,63.41,82466.77,16.24,1.66,0.11,91.02,5771,18,2,0,69,0,Moderate
flow-synth-02438,Healthcare,web_like,698.47,243.17,21.23,14830.36,41.41,25.76,0.61,76.97,1634,5,2,0,59,0,Low
flow-synth-02439,Defence,idle_keepalive,118.84,7.62,0.1,50.0,30271.47,9.49,1.0,57.15,10,0,2,1,31,0,Low
flow-synth-02440,Government,idle_keepalive,135.35,7.71,0.12,50.0,30039.34,6.12,1.0,58.97,10,0,2,0,23,0,Low
flow-synth-02441,Healthcare,icmp_like,86.07,2.64,1.44,123.52,998.69,1.06,1.0,54.37,78,0,4,0,20,0,Low
flow-synth-02442,Defence,web_like,546.25,253.36,25.52,13940.44,46.0,25.27,0.34,66.05,1685,5,2,0,33,0,Low
flow-synth-02443,Government,bulk_transfer_like,1322.27,102.83,202.83,268190.61,6.6,2.22,0.09,47.94,9723,4,2,0,63,0,Moderate
flow-synth-02444,Healthcare,video_like_udp,1213.97,98.49,78.53,95337.72,14.82,1.76,0.16,66.82,5247,13,2,1,75,0,Moderate
flow-synth-02445,Healthcare,icmp_like,89.46,1.32,1.02,91.09,984.21,2.67,1.0,86.55,88,0,2,0,13,0,Low
flow-synth-02446,Healthcare,idle_keepalive,94.81,9.95,0.1,50.0,29818.5,9.89,1.0,47.12,10,0,4,1,27,0,Low
flow-synth-02447,Defence,video_like_udp,1354.5,78.22,42.75,57898.56,15.54,2.34,0.14,74.62,3189,10,2,1,83,1,High
flow-synth-02448,Government,idle_keepalive,132.79,7.67,0.11,50.0,29913.78,12.33,1.0,68.81,10,0,2,0,20,0,Low
flow-synth-02449,Government,video_like_udp,1242.85,101.4,64.9,80666.0,12.27,1.59,0.12,57.73,3747,8,2,1,79,0,Moderate
flow-synth-02450,Government,video_like_udp,1223.13,89.18,57.98,70917.67,13.58,1.27,0.12,43.41,2516,10,4,1,83,1,High
flow-synth-02451,Healthcare,icmp_like,82.74,0.66,0.94,77.6,1002.31,2.84,1.0,73.91,69,0,2,0,23,0,Low
flow-synth-02452,Defence,bulk_transfer_like,1394.19,71.74,232.85,324640.89,5.54,2.9,0.05,38.4,8942,10,4,1,60,0,Moderate
flow-synth-02453,Defence,bulk_transfer_like,1346.45,73.22,185.66,249984.2,6.34,1.88,0.09,64.52,11978,10,4,0,65,0,Moderate
flow-synth-02454,Healthcare,web_like,490.03,321.09,25.06,12280.44,21.14,1.12,0.52,62.83,1574,4,2,0,55,0,Low
flow-synth-02455,Government,bulk_transfer_like,1339.55,105.04,157.49,210964.35,5.18,1.66,0.06,70.71,11136,5,4,0,68,0,Moderate
flow-synth-02456,Healthcare,web_like,741.14,276.21,9.55,7080.06,36.12,19.74,0.59,64.2,613,2,2,1,31,0,Low
flow-synth-02457,Healthcare,icmp_like,86.39,2.46,1.1,94.99,1010.62,2.73,1.0,73.79,81,0,2,1,25,0,Low
flow-synth-02458,Healthcare,web_like,402.42,214.96,8.66,3486.85,24.23,12.84,0.49,47.69,413,3,4,0,49,0,Low
flow-synth-02459,Government,video_like_udp,1184.49,109.95,76.99,91195.82,13.77,1.03,0.15,27.08,2084,16,2,1,73,0,Moderate
flow-synth-02460,Healthcare,web_like,501.98,168.37,24.35,12222.8,32.82,27.12,0.49,34.14,831,3,2,0,41,0,Low
flow-synth-02461,Healthcare,video_like_udp,1229.14,119.79,70.01,86052.58,18.37,1.46,0.13,68.53,4797,10,2,1,67,0,Moderate
flow-synth-02462,Government,video_like_udp,1305.48,110.2,75.58,98665.41,17.11,1.77,0.13,58.97,4456,17,4,0,75,0,Moderate
flow-synth-02463,Government,bulk_transfer_like,1354.88,46.04,211.0,285875.84,6.63,2.43,0.11,56.48,11917,9,2,0,57,0,Moderate
flow-synth-02464,Defence,icmp_like,81.94,2.95,0.79,64.59,989.07,2.36,1.0,68.42,53,0,2,0,16,0,Low
flow-synth-02465,Healthcare,web_like,497.64,202.66,14.15,7040.49,37.24,18.58,0.2,62.78,888,5,2,1,58,0,Low
flow-synth-02466,Government,icmp_like,80.99,2.79,0.77,62.32,1005.19,2.42,1.0,70.09,53,0,4,0,26,0,Low
flow-synth-02467,Government,web_like,478.64,180.06,20.71,9910.35,31.91,17.04,0.29,32.37,670,5,4,0,41,0,Low
flow-synth-02468,Healthcare,icmp_like,82.9,3.41,1.1,91.32,1016.63,3.01,1.0,42.26,46,0,2,1,19,0,Low
flow-synth-02469,Healthcare,video_like_udp,1225.59,149.26,72.64,89022.76,13.39,1.32,0.06,115.27,8372,12,2,0,67,0,Moderate
flow-synth-02470,Healthcare,video_like_udp,1233.3,84.42,68.93,85010.18,16.77,1.64,0.16,83.97,5788,10,4,0,73,0,Moderate
flow-synth-02471,Defence,bulk_transfer_like,1296.07,77.59,189.34,245399.49,4.98,1.35,0.08,59.1,11189,7,2,0,63,0,Moderate
flow-synth-02472,Government,web_like,526.35,209.96,20.44,10760.14,33.95,18.05,0.5,49.83,1018,4,2,0,47,0,Low
flow-synth-02473,Healthcare,bulk_transfer_like,1439.79,68.33,218.58,314716.07,6.45,1.8,0.1,80.35,17564,9,2,0,61,0,Moderate
flow-synth-02474,Healthcare,bulk_transfer_like,1344.56,82.78,149.13,200513.32,5.29,3.24,0.06,36.7,5472,7,4,0,71,0,Moderate
flow-synth-02475,Government,bulk_transfer_like,1383.22,85.87,237.36,328324.81,6.97,1.37,0.08,64.63,15340,8,2,0,69,0,Moderate
flow-synth-02476,Healthcare,bulk_transfer_like,1373.94,41.35,170.0,233573.91,6.89,4.47,0.04,68.46,11638,9,4,0,55,0,Moderate
flow-synth-02477,Government,bulk_transfer_like,1458.87,64.13,164.59,240115.66,3.67,2.32,0.07,61.9,10187,4,2,0,58,0,Moderate
flow-synth-02478,Healthcare,video_like_udp,1267.63,49.48,66.91,84814.28,13.06,2.24,0.1,78.55,5255,9,2,0,67,0,Moderate
flow-synth-02479,Government,video_like_udp,1283.03,93.94,63.12,80989.85,17.57,1.53,0.12,76.83,4850,11,4,1,65,0,Moderate
flow-synth-02480,Healthcare,video_like_udp,1291.44,82.9,52.33,67586.85,15.44,2.37,0.14,75.16,3933,17,4,0,71,0,Moderate
flow-synth-02481,Healthcare,bulk_transfer_like,1374.35,70.67,132.04,181472.74,6.33,2.14,0.09,41.08,5424,5,2,0,61,0,Moderate
flow-synth-02482,Government,idle_keepalive,152.45,6.92,0.1,50.0,30263.41,9.45,1.0,38.43,10,0,2,1,18,0,Low
flow-synth-02483,Government,bulk_transfer_like,1328.16,66.22,154.74,205513.06,3.38,1.62,0.11,81.4,12594,6,4,0,62,0,Moderate
flow-synth-02484,Government,web_like,513.04,165.92,25.15,12902.98,36.99,21.55,0.4,14.87,374,3,2,1,31,0,Low
flow-synth-02485,Healthcare,web_like,603.6,160.94,20.33,12270.58,8.04,21.39,0.29,50.0,1016,2,2,0,48,0,Low
flow-synth-02486,Government,web_like,462.59,210.55,18.24,8437.02,42.85,15.72,0.43,75.17,1371,2,2,0,46,0,Low
flow-synth-02487,Government,idle_keepalive,138.83,7.18,0.11,50.0,29866.48,11.25,1.0,55.13,10,0,4,1,25,0,Low
flow-synth-02488,Defence,web_like,540.9,218.21,20.87,11290.52,58.09,15.17,0.55,96.45,2013,3,2,1,36,0,Low
flow-synth-02489,Defence,idle_keepalive,110.8,8.35,0.11,50.0,30194.31,3.25,1.0,31.4,10,0,4,0,21,0,Low
flow-synth-02490,Healthcare,bulk_transfer_like,1320.08,92.85,112.06,147934.22,5.15,3.02,0.07,57.14,6403,4,2,1,59,0,Moderate
flow-synth-02491,Defence,idle_keepalive,123.89,9.21,0.1,50.0,29902.9,10.39,1.0,87.37,10,0,2,1,21,0,Low
flow-synth-02492,Government,web_like,463.6,219.15,34.82,16140.7,31.96,22.98,0.48,59.21,2061,3,2,0,44,0,Low
flow-synth-02493,Defence,web_like,465.07,183.91,28.95,13463.82,42.97,8.61,0.53,86.32,2499,3,2,0,34,0,Low
flow-synth-02494,Government,bulk_transfer_like,1436.29,88.2,138.48,198894.84,5.11,2.07,0.09,60.44,8369,5,2,0,70,0,Moderate
flow-synth-02495,Healthcare,web_like,479.04,223.36,28.12,13472.86,22.22,26.38,0.47,75.97,2136,4,4,0,43,0,Low
flow-synth-02496,Defence,bulk_transfer_like,1368.16,49.89,169.51,231921.04,5.1,1.42,0.04,69.85,11841,9,4,1,55,0,Moderate
flow-synth-02497,Defence,idle_keepalive,132.63,4.39,0.1,50.0,29923.5,11.48,1.0,108.13,10,0,4,0,32,0,Low
flow-synth-02498,Healthcare,idle_keepalive,104.11,3.36,0.11,50.0,29900.62,12.95,1.0,41.75,10,0,4,1,32,0,Low
flow-synth-02499,Government,web_like,531.71,230.59,27.11,14412.22,66.6,15.23,0.46,56.01,1518,3,2,1,57,0,Low
flow-synth-02500,Healthcare,video_like_udp,1365.45,73.4,66.45,90729.68,14.07,1.85,0.21,96.46,6409,16,2,1,74,0,Moderate
